LIMIT_BAL,SEX,EDUCATION,MARRIAGE,AGE,PAY_0,PAY_2,PAY_3,BILL_AMT1,BILL_AMT2,BILL_AMT3,PAY_AMT1,PAY_AMT2,PAY_AMT3,default
175000.0,2,2,2,22,-1,0,0,155227.0,149656.0,149516.0,22217.0,21420.0,21400.0,0
10000.0,2,2,2,56,3,3,-1,1672.0,1450.0,1473.0,376.0,326.0,331.0,1
25000.0,1,1,2,61,2,3,1,19613.0,19990.0,18584.0,4407.0,4492.0,4176.0,1
140000.0,1,2,2,30,3,1,1,53717.0,53354.0,46154.0,4215.0,4186.0,3621.0,1
100000.0,2,1,2,61,0,0,3,59739.0,55340.0,51792.0,10745.0,9954.0,9316.0,1
35000.0,2,2,2,39,1,2,-1,33873.0,28700.0,29158.0,7610.0,6448.0,6551.0,0
45000.0,1,1,2,25,2,0,1,34757.0,27808.0,23153.0,7684.0,6147.0,5118.0,1
170000.0,1,2,2,26,1,3,0,119983.0,102791.0,90368.0,20140.0,17255.0,15169.0,1
330000.0,2,1,1,22,2,0,0,295392.0,262146.0,255511.0,14213.0,12613.0,12294.0,1
65000.0,2,2,1,44,1,0,1,37745.0,30258.0,31726.0,7799.0,6252.0,6555.0,0
130000.0,2,1,2,56,0,3,-1,138294.0,112679.0,108675.0,23341.0,19018.0,18342.0,1
100000.0,1,3,2,22,1,-1,3,115627.0,118570.0,123006.0,12297.0,12610.0,13082.0,1
230000.0,2,2,2,69,1,1,2,83978.0,73429.0,67907.0,13578.0,11872.0,10980.0,1
145000.0,2,1,3,50,-1,2,0,125707.0,122462.0,98048.0,20363.0,19837.0,15882.0,0
115000.0,2,2,1,59,1,2,2,46273.0,41789.0,33712.0,1979.0,1787.0,1442.0,1
50000.0,2,2,2,64,-1,0,-1,23927.0,20797.0,20359.0,6034.0,5245.0,5134.0,0
120000.0,1,4,3,44,-1,1,1,69654.0,67388.0,64393.0,13165.0,12736.0,12170.0,0
165000.0,1,3,2,23,-1,0,0,53068.0,51857.0,44434.0,11398.0,11138.0,9544.0,0
40000.0,1,2,2,21,1,0,3,43052.0,39868.0,38720.0,2337.0,2164.0,2102.0,0
70000.0,1,3,3,33,0,-1,0,52945.0,55381.0,47593.0,9648.0,10092.0,8673.0,1
325000.0,2,2,1,61,2,-1,0,358801.0,306520.0,256233.0,101707.0,86887.0,72633.0,0
140000.0,2,2,1,29,0,-1,0,141139.0,140200.0,143452.0,30453.0,30250.0,30952.0,1
45000.0,2,1,2,41,2,1,2,27442.0,22749.0,18319.0,6206.0,5144.0,4143.0,1
35000.0,2,1,2,60,0,0,1,10780.0,10452.0,10018.0,3014.0,2922.0,2801.0,1
55000.0,2,3,2,36,0,0,1,26648.0,21548.0,22512.0,4633.0,3747.0,3914.0,1
85000.0,2,2,2,68,0,-1,0,42821.0,40846.0,36634.0,5409.0,5160.0,4628.0,0
205000.0,2,2,2,48,1,-1,1,175354.0,165760.0,168934.0,51245.0,48441.0,49368.0,0
180000.0,1,1,1,58,0,0,1,122697.0,108216.0,99891.0,29045.0,25617.0,23646.0,0
60000.0,2,1,1,67,2,-1,0,13680.0,14030.0,12039.0,1308.0,1341.0,1151.0,1
195000.0,1,2,1,57,0,1,0,27507.0,24125.0,23320.0,2542.0,2229.0,2155.0,0
80000.0,1,1,2,65,0,1,0,45555.0,40382.0,33035.0,9757.0,8649.0,7075.0,1
165000.0,2,2,2,38,-1,2,0,121985.0,123655.0,102057.0,30255.0,30669.0,25312.0,0
260000.0,2,3,2,30,0,-1,3,183046.0,184990.0,157433.0,36267.0,36652.0,31192.0,1
50000.0,2,2,1,53,0,0,-1,32261.0,31416.0,28894.0,6005.0,5848.0,5379.0,0
70000.0,2,4,1,42,3,3,2,46417.0,41480.0,42938.0,12114.0,10825.0,11206.0,1
45000.0,2,3,2,68,1,-1,-1,53857.0,51508.0,53052.0,7467.0,7141.0,7355.0,1
190000.0,1,3,2,62,2,0,2,156415.0,146825.0,129965.0,22042.0,20691.0,18315.0,1
345000.0,2,2,2,56,-1,1,0,259593.0,270311.0,217873.0,42964.0,44738.0,36059.0,1
250000.0,1,2,2,40,3,0,2,123252.0,105452.0,94913.0,24990.0,21381.0,19244.0,1
400000.0,2,4,2,43,1,1,1,69315.0,70656.0,57838.0,12283.0,12521.0,10249.0,1
65000.0,2,1,2,47,0,1,3,60637.0,58210.0,46938.0,14899.0,14303.0,11533.0,1
45000.0,1,1,1,26,0,-1,-1,9690.0,8071.0,7760.0,2026.0,1688.0,1622.0,0
385000.0,1,1,2,33,-1,0,0,145365.0,118260.0,98446.0,7901.0,6428.0,5351.0,0
65000.0,1,1,2,53,0,-1,0,29744.0,26191.0,21914.0,4138.0,3643.0,3048.0,0
35000.0,1,2,1,48,-1,0,0,12429.0,10922.0,10592.0,3464.0,3044.0,2952.0,0
15000.0,2,2,1,22,-1,-1,0,7206.0,5831.0,5658.0,1471.0,1190.0,1155.0,1
95000.0,2,2,2,65,2,0,-1,33390.0,29249.0,27693.0,5008.0,4387.0,4154.0,0
235000.0,2,2,1,32,2,0,-1,105517.0,101462.0,100053.0,7203.0,6926.0,6830.0,1
75000.0,2,2,1,32,-1,1,-1,78105.0,79511.0,69901.0,21449.0,21835.0,19196.0,0
20000.0,2,2,1,50,-1,1,-1,4226.0,4298.0,3675.0,1233.0,1254.0,1072.0,0
180000.0,2,2,1,52,0,0,2,189553.0,158182.0,127080.0,36986.0,30865.0,24796.0,0
45000.0,1,2,1,62,-1,3,1,38875.0,38391.0,38055.0,5872.0,5799.0,5748.0,1
135000.0,2,1,2,54,-1,1,0,80654.0,82941.0,66826.0,15890.0,16340.0,13165.0,1
140000.0,2,1,1,33,1,-1,2,32569.0,33517.0,31929.0,1928.0,1984.0,1890.0,1
335000.0,2,2,1,34,-1,0,3,196013.0,178661.0,162234.0,28295.0,25790.0,23419.0,0
115000.0,1,1,2,33,2,0,-1,36731.0,38084.0,31638.0,7107.0,7368.0,6121.0,1
120000.0,1,2,2,56,2,0,0,37496.0,32655.0,32467.0,4167.0,3629.0,3608.0,0
145000.0,2,3,2,45,0,0,-1,153047.0,124924.0,128002.0,42454.0,34653.0,35507.0,0
90000.0,1,3,1,61,0,0,1,25979.0,24870.0,24043.0,5175.0,4954.0,4789.0,1
225000.0,2,3,2,30,1,-1,3,220944.0,226999.0,197676.0,48274.0,49597.0,43190.0,1
175000.0,1,2,2,61,0,0,0,167056.0,153406.0,125132.0,9276.0,8518.0,6948.0,0
60000.0,2,3,1,32,0,-1,1,31445.0,31054.0,32426.0,3638.0,3593.0,3751.0,0
85000.0,1,3,2,21,-1,2,0,82741.0,67534.0,70635.0,7257.0,5924.0,6196.0,1
60000.0,2,4,1,44,1,0,0,33728.0,29081.0,29474.0,8603.0,7418.0,7518.0,1
60000.0,2,1,2,32,-1,1,1,54220.0,55340.0,48849.0,7105.0,7251.0,6401.0,1
550000.0,1,1,1,56,3,3,1,233846.0,217243.0,182334.0,13242.0,12302.0,10325.0,1
35000.0,2,2,1,69,-1,0,2,28382.0,23482.0,22963.0,3258.0,2695.0,2636.0,1
365000.0,1,3,2,59,-1,0,2,379491.0,344991.0,324509.0,73248.0,66589.0,62636.0,0
80000.0,2,1,1,69,2,-1,-1,44343.0,39480.0,31733.0,4444.0,3957.0,3181.0,0
195000.0,1,2,1,23,-1,1,1,90508.0,83410.0,67210.0,16379.0,15095.0,12163.0,0
135000.0,2,1,2,63,-1,0,2,42362.0,44392.0,42414.0,11746.0,12309.0,11761.0,0
250000.0,1,2,2,40,3,-1,0,208817.0,189247.0,151632.0,17968.0,16284.0,13047.0,1
35000.0,1,1,2,39,-1,-1,1,21552.0,17786.0,14536.0,4016.0,3314.0,2709.0,1
200000.0,1,1,2,61,2,1,0,76644.0,71193.0,59382.0,17051.0,15838.0,13211.0,1
515000.0,1,2,2,48,-1,2,0,485721.0,472892.0,457421.0,143093.0,139314.0,134756.0,1
220000.0,1,2,1,56,-1,3,-1,155497.0,125356.0,117772.0,6262.0,5048.0,4742.0,0
130000.0,2,3,2,66,0,0,2,106214.0,104924.0,85512.0,30302.0,29934.0,24396.0,1
95000.0,2,3,1,50,0,3,1,88458.0,88886.0,91567.0,25694.0,25819.0,26597.0,1
45000.0,2,3,1,42,1,-1,2,25817.0,22000.0,22896.0,5828.0,4967.0,5169.0,0
125000.0,1,2,1,62,0,0,0,123936.0,108478.0,93602.0,5628.0,4926.0,4251.0,0
95000.0,2,2,2,65,-1,1,2,80078.0,76397.0,68628.0,21097.0,20127.0,18080.0,1
100000.0,2,2,2,57,3,3,1,40182.0,38778.0,31083.0,6329.0,6108.0,4896.0,0
80000.0,1,2,2,54,0,0,2,76252.0,66351.0,55157.0,15386.0,13388.0,11129.0,1
200000.0,2,1,1,66,1,1,0,134333.0,119615.0,124317.0,9373.0,8346.0,8674.0,1
235000.0,1,2,2,50,3,0,1,56011.0,54792.0,53890.0,11872.0,11614.0,11423.0,1
60000.0,1,1,2,52,1,-1,1,62966.0,57877.0,50894.0,7297.0,6707.0,5898.0,1
70000.0,1,1,2,32,0,-1,0,40070.0,32903.0,33807.0,7959.0,6535.0,6715.0,0
50000.0,1,4,2,51,0,0,0,25405.0,25549.0,26206.0,4053.0,4076.0,4180.0,0
55000.0,2,1,1,32,1,0,-1,15770.0,15355.0,12484.0,3753.0,3654.0,2971.0,0
45000.0,2,1,3,65,-1,-1,3,45450.0,37437.0,35609.0,3477.0,2864.0,2724.0,1
70000.0,2,1,2,57,-1,3,-1,42222.0,36700.0,37422.0,8526.0,7411.0,7556.0,0
55000.0,1,2,1,62,0,-1,0,37169.0,36927.0,35221.0,1810.0,1798.0,1715.0,1
45000.0,1,3,2,44,0,1,3,28496.0,26848.0,22154.0,5977.0,5631.0,4647.0,1
35000.0,2,2,1,51,1,0,0,24014.0,22522.0,19287.0,5273.0,4945.0,4235.0,0
55000.0,2,2,1,48,2,-1,0,18914.0,19803.0,17955.0,3364.0,3522.0,3193.0,0
170000.0,2,1,2,58,0,-1,-1,149627.0,122473.0,102194.0,35581.0,29124.0,24302.0,0
65000.0,2,2,1,44,1,2,3,60894.0,49364.0,49327.0,6516.0,5282.0,5279.0,1
45000.0,2,3,2,63,-1,1,3,53881.0,46959.0,47205.0,8955.0,7805.0,7846.0,0
55000.0,1,2,2,48,-1,1,1,59792.0,60728.0,62182.0,6881.0,6989.0,7156.0,0
205000.0,2,1,1,58,1,0,2,92293.0,86377.0,77151.0,5152.0,4822.0,4307.0,1
120000.0,1,2,2,53,0,1,0,133459.0,121611.0,126055.0,35426.0,32281.0,33461.0,1
255000.0,1,4,3,24,0,-1,1,180104.0,160845.0,152193.0,45849.0,40946.0,38743.0,0
85000.0,2,3,3,28,3,2,0,13964.0,13389.0,12155.0,2944.0,2823.0,2563.0,1
115000.0,2,2,2,49,1,0,1,41198.0,38229.0,33844.0,8937.0,8293.0,7342.0,0
35000.0,2,2,1,66,1,1,-1,22432.0,23488.0,22425.0,3511.0,3676.0,3509.0,0
40000.0,1,1,2,62,-1,-1,-1,33479.0,28980.0,24585.0,3737.0,3235.0,2744.0,0
10000.0,1,1,3,26,3,-1,-1,9315.0,7921.0,8093.0,1826.0,1553.0,1587.0,1
210000.0,2,2,2,66,-1,2,0,127425.0,115163.0,116389.0,36116.0,32641.0,32988.0,0
70000.0,2,3,1,60,3,0,0,32887.0,30031.0,25294.0,8356.0,7630.0,6426.0,0
30000.0,2,1,2,69,2,1,3,20841.0,20441.0,19542.0,4131.0,4052.0,3874.0,1
130000.0,2,1,2,35,-1,-1,-1,43339.0,40056.0,32897.0,9302.0,8597.0,7060.0,0
95000.0,2,2,2,55,3,2,0,17191.0,15975.0,13492.0,2457.0,2283.0,1928.0,1
50000.0,2,1,2,56,-1,2,1,45574.0,39751.0,35330.0,6870.0,5992.0,5326.0,0
180000.0,1,2,2,53,3,0,0,45855.0,39433.0,34851.0,13486.0,11597.0,10250.0,1
80000.0,2,4,2,61,1,-1,0,15544.0,13543.0,12878.0,4232.0,3687.0,3506.0,0
615000.0,2,2,2,48,0,1,2,510407.0,532270.0,528297.0,40364.0,42093.0,41779.0,0
90000.0,2,1,2,21,1,-1,2,84716.0,78727.0,71064.0,11947.0,11102.0,10022.0,0
85000.0,2,2,2,35,0,0,-1,62883.0,55478.0,50673.0,18325.0,16167.0,14767.0,0
80000.0,2,2,1,62,2,0,-1,19149.0,16205.0,14916.0,5303.0,4488.0,4131.0,1
70000.0,2,1,1,53,-1,-1,0,67523.0,63399.0,64572.0,16684.0,15665.0,15955.0,0
110000.0,2,2,2,57,0,0,0,88794.0,85191.0,70038.0,17418.0,16711.0,13739.0,0
90000.0,1,3,2,48,-1,0,0,59885.0,48749.0,44455.0,10707.0,8716.0,7948.0,0
80000.0,2,2,2,38,-1,-1,0,83515.0,67177.0,66583.0,7864.0,6326.0,6270.0,1
35000.0,1,3,2,34,0,0,0,36271.0,36827.0,36038.0,6324.0,6420.0,6283.0,1
450000.0,2,1,1,69,0,0,-1,80624.0,83708.0,72704.0,12852.0,13344.0,11590.0,0
105000.0,2,1,1,46,-1,-1,0,88446.0,90675.0,82753.0,14153.0,14509.0,13242.0,0
55000.0,2,2,2,31,-1,1,3,52261.0,46008.0,42227.0,5812.0,5117.0,4696.0,1
55000.0,1,1,1,52,1,0,0,13377.0,13005.0,11603.0,3376.0,3282.0,2928.0,0
45000.0,1,4,1,47,-1,0,-1,35067.0,28558.0,25444.0,9677.0,7881.0,7021.0,1
110000.0,1,1,2,43,-1,0,0,98041.0,88831.0,88365.0,16244.0,14718.0,14640.0,0
60000.0,2,2,2,31,-1,-1,1,46118.0,37319.0,35501.0,7334.0,5935.0,5645.0,0
155000.0,2,2,2,65,0,1,-1,132234.0,121662.0,104370.0,22983.0,21146.0,18140.0,1
70000.0,2,1,1,54,0,2,-1,25567.0,24537.0,25710.0,6328.0,6073.0,6364.0,0
50000.0,2,2,2,59,0,0,0,52965.0,42604.0,36939.0,6612.0,5319.0,4612.0,1
160000.0,2,2,2,39,3,0,2,123738.0,102980.0,85265.0,23504.0,19561.0,16196.0,1
50000.0,2,1,2,34,0,-1,1,7887.0,7902.0,8027.0,998.0,1000.0,1016.0,0
130000.0,1,2,2,48,0,3,0,31059.0,30465.0,29281.0,3167.0,3107.0,2986.0,0
240000.0,2,2,2,23,2,-1,1,177865.0,163435.0,155841.0,30156.0,27709.0,26422.0,1
185000.0,1,1,2,60,1,0,1,164347.0,171563.0,155074.0,13916.0,14527.0,13130.0,1
45000.0,1,2,2,55,-1,0,1,34585.0,35975.0,32997.0,6456.0,6716.0,6160.0,1
225000.0,2,1,2,24,2,-1,0,223021.0,229082.0,198908.0,52191.0,53610.0,46548.0,0
120000.0,1,2,1,36,0,0,0,38620.0,38719.0,35421.0,6719.0,6736.0,6162.0,0
200000.0,2,1,2,51,-1,-1,1,153163.0,142623.0,139476.0,16197.0,15082.0,14750.0,0
875000.0,1,2,2,50,0,1,-1,485051.0,406726.0,400229.0,112006.0,93919.0,92419.0,0
120000.0,1,3,2,31,2,0,1,25244.0,25896.0,24183.0,2346.0,2406.0,2247.0,1
255000.0,1,2,1,55,3,0,2,249882.0,242295.0,216953.0,52094.0,50512.0,45229.0,1
160000.0,1,2,1,47,-1,-1,3,61029.0,56249.0,53325.0,5018.0,4625.0,4384.0,0
190000.0,2,2,1,27,2,3,3,31387.0,32462.0,31762.0,2142.0,2215.0,2168.0,1
25000.0,2,1,1,54,0,0,1,24411.0,24583.0,23754.0,5656.0,5695.0,5503.0,1
100000.0,2,1,2,32,0,1,1,38561.0,34441.0,29754.0,9164.0,8185.0,7071.0,0
130000.0,2,1,1,51,0,0,-1,69713.0,60860.0,53802.0,19955.0,17421.0,15400.0,0
65000.0,2,2,2,27,-1,0,-1,64804.0,65934.0,68918.0,18398.0,18719.0,19566.0,1
90000.0,2,4,2,36,-1,1,0,53769.0,44294.0,37434.0,9098.0,7495.0,6334.0,0
335000.0,1,1,2,52,-1,0,-1,117390.0,121561.0,124449.0,19735.0,20436.0,20922.0,0
125000.0,2,2,1,24,3,0,2,119274.0,97520.0,85642.0,34740.0,28403.0,24944.0,1
115000.0,2,3,1,32,0,-1,0,28780.0,23148.0,21537.0,6377.0,5129.0,4772.0,0
55000.0,2,2,2,49,2,0,-1,65717.0,54480.0,43907.0,13697.0,11355.0,9151.0,1
80000.0,2,1,2,27,1,-1,2,41084.0,41539.0,36967.0,5661.0,5724.0,5094.0,0
60000.0,2,1,2,28,0,-1,0,57983.0,58022.0,47129.0,15465.0,15476.0,12570.0,1
100000.0,2,3,2,41,1,-1,3,100024.0,86382.0,84594.0,22583.0,19503.0,19099.0,1
100000.0,2,2,1,62,0,0,2,16693.0,17126.0,14288.0,1175.0,1206.0,1006.0,0
65000.0,2,2,2,46,2,-1,-1,43999.0,39593.0,36664.0,2582.0,2324.0,2152.0,1
135000.0,2,1,2,55,0,-1,0,64788.0,58332.0,49893.0,3557.0,3203.0,2739.0,1
85000.0,2,4,2,28,-1,1,-1,93742.0,86587.0,70864.0,22159.0,20467.0,16751.0,0
5000.0,1,1,2,42,0,-1,1,1726.0,1635.0,1691.0,338.0,320.0,331.0,0
35000.0,2,1,2,26,3,0,-1,36889.0,32813.0,28890.0,7394.0,6577.0,5791.0,1
330000.0,2,1,1,51,0,2,-1,309950.0,299897.0,260130.0,24255.0,23468.0,20356.0,0
60000.0,2,1,2,22,0,3,0,43543.0,38407.0,36687.0,4088.0,3606.0,3444.0,1
205000.0,1,3,2,42,2,2,0,30865.0,26849.0,26581.0,4992.0,4342.0,4299.0,1
60000.0,1,1,1,69,-1,3,1,57782.0,54592.0,47816.0,13181.0,12453.0,10907.0,1
315000.0,2,2,2,55,1,-1,2,152853.0,126093.0,120161.0,29815.0,24595.0,23438.0,0
40000.0,2,1,2,60,0,-1,1,35442.0,31153.0,27521.0,9227.0,8111.0,7165.0,0
300000.0,1,2,2,21,2,0,0,72331.0,70559.0,60893.0,16828.0,16415.0,14167.0,0
155000.0,2,2,2,27,2,1,-1,45666.0,41623.0,35836.0,9215.0,8399.0,7231.0,0
160000.0,1,1,2,44,3,0,-1,84958.0,87346.0,73917.0,4737.0,4870.0,4121.0,1
235000.0,2,3,2,39,-1,1,1,282000.0,237411.0,247224.0,30034.0,25286.0,26331.0,0
125000.0,2,2,1,29,0,-1,3,55769.0,47184.0,39303.0,10662.0,9020.0,7514.0,0
135000.0,2,1,2,43,0,2,0,56135.0,48325.0,50187.0,13921.0,11984.0,12446.0,1
140000.0,2,3,2,48,1,0,2,117646.0,100810.0,99412.0,4530.0,3882.0,3828.0,0
600000.0,2,2,2,25,0,-1,0,222933.0,223456.0,218528.0,60871.0,61014.0,59669.0,0
425000.0,2,1,1,66,1,-1,-1,184155.0,174226.0,175572.0,14593.0,13806.0,13912.0,0
200000.0,1,1,2,36,-1,3,-1,128074.0,124777.0,99900.0,7049.0,6867.0,5498.0,1
65000.0,2,1,2,53,-1,3,0,36541.0,30311.0,27058.0,8907.0,7388.0,6595.0,1
30000.0,1,1,1,22,1,-1,2,5192.0,5271.0,5478.0,465.0,472.0,490.0,0
210000.0,2,2,2,44,1,1,1,188547.0,163012.0,136411.0,21765.0,18817.0,15747.0,1
75000.0,2,2,2,37,-1,0,0,37482.0,32004.0,27194.0,10226.0,8731.0,7419.0,0
75000.0,1,1,2,42,-1,2,0,63579.0,62138.0,50129.0,11247.0,10992.0,8868.0,0
60000.0,2,1,2,32,2,0,1,38128.0,35820.0,29883.0,10901.0,10241.0,8544.0,1
45000.0,2,2,2,24,1,0,1,32123.0,29308.0,24079.0,6269.0,5720.0,4699.0,0
70000.0,1,1,2,51,-1,1,3,71981.0,70907.0,71510.0,14903.0,14681.0,14805.0,0
220000.0,2,2,1,40,3,0,1,69900.0,56937.0,45892.0,15080.0,12283.0,9900.0,0
185000.0,2,2,1,54,2,0,1,187804.0,166313.0,156645.0,48177.0,42664.0,40184.0,1
115000.0,1,1,1,31,2,0,0,44759.0,46303.0,45909.0,2300.0,2379.0,2359.0,0
65000.0,1,1,2,35,-1,2,-1,30984.0,30655.0,30350.0,7455.0,7376.0,7302.0,0
50000.0,1,2,1,52,1,1,1,32194.0,32848.0,26307.0,4264.0,4351.0,3484.0,1
65000.0,2,1,2,26,-1,0,-1,66475.0,66515.0,69406.0,3003.0,3004.0,3135.0,1
105000.0,1,1,2,50,0,0,-1,46345.0,44972.0,41998.0,6466.0,6275.0,5860.0,1
45000.0,1,4,1,31,-1,2,1,48417.0,41058.0,38441.0,4561.0,3868.0,3621.0,0
35000.0,2,2,1,37,3,2,0,13870.0,13833.0,12447.0,3473.0,3464.0,3116.0,1
15000.0,2,2,1,69,3,2,0,17159.0,17221.0,17590.0,2959.0,2970.0,3034.0,1
90000.0,1,2,2,44,-1,-1,3,76786.0,79483.0,66869.0,18247.0,18888.0,15891.0,1
265000.0,2,1,2,21,-1,0,1,42674.0,41921.0,36488.0,2833.0,2783.0,2422.0,0
35000.0,2,1,2,28,0,-1,1,41293.0,34529.0,36016.0,6094.0,5096.0,5315.0,1
115000.0,1,2,2,44,0,1,0,73811.0,65481.0,54348.0,5198.0,4611.0,3827.0,0
120000.0,2,2,1,57,-1,1,0,29488.0,30526.0,29776.0,6726.0,6962.0,6791.0,0
160000.0,1,3,2,68,1,1,1,117556.0,104915.0,95500.0,22356.0,19952.0,18162.0,0
200000.0,2,4,1,69,2,1,-1,200873.0,189058.0,183178.0,24433.0,22996.0,22281.0,1
40000.0,2,2,1,62,1,-1,0,39642.0,40181.0,41470.0,8127.0,8237.0,8501.0,1
70000.0,2,2,2,46,1,2,-1,20657.0,21123.0,19155.0,947.0,969.0,878.0,1
55000.0,2,1,3,35,0,1,1,23391.0,24412.0,22175.0,4568.0,4767.0,4330.0,0
185000.0,1,1,2,45,2,0,1,218681.0,186723.0,190065.0,9954.0,8499.0,8651.0,0
125000.0,1,3,2,39,-1,-1,1,110005.0,103899.0,95542.0,12587.0,11888.0,10932.0,0
45000.0,1,1,2,21,1,0,1,28381.0,27746.0,26611.0,2268.0,2217.0,2126.0,1
60000.0,1,4,2,30,2,3,-1,68758.0,71289.0,71995.0,7444.0,7718.0,7794.0,1
65000.0,2,4,2,67,0,2,-1,33825.0,32388.0,26672.0,7109.0,6807.0,5605.0,0
230000.0,1,2,2,22,3,1,2,237826.0,245856.0,253103.0,38112.0,39399.0,40560.0,1
95000.0,1,4,3,33,0,1,0,23377.0,19621.0,19946.0,4498.0,3776.0,3838.0,0
55000.0,2,2,2,45,1,1,1,21335.0,20199.0,19566.0,4762.0,4509.0,4367.0,1
40000.0,2,1,2,52,0,-1,1,30176.0,24677.0,24463.0,5358.0,4382.0,4344.0,1
80000.0,2,2,1,60,2,2,-1,39606.0,39941.0,39006.0,7178.0,7238.0,7069.0,1
25000.0,1,2,2,58,-1,1,0,3848.0,4030.0,3706.0,760.0,795.0,731.0,0
200000.0,2,1,1,39,2,-1,0,59940.0,55754.0,57668.0,17459.0,16240.0,16797.0,0
220000.0,2,2,2,23,3,-1,0,68189.0,70488.0,73255.0,5466.0,5650.0,5872.0,1
315000.0,1,4,1,51,1,0,0,216440.0,223626.0,210819.0,14141.0,14611.0,13774.0,1
80000.0,2,2,1,37,1,2,2,27544.0,27046.0,25069.0,5942.0,5835.0,5408.0,1
25000.0,2,2,2,50,0,0,-1,3737.0,3450.0,2803.0,1046.0,965.0,784.0,1
260000.0,1,1,1,55,3,-1,-1,312000.0,266553.0,256379.0,75100.0,64160.0,61712.0,0
25000.0,1,3,3,39,0,0,-1,10598.0,9518.0,9300.0,738.0,663.0,648.0,0
75000.0,1,2,1,26,0,3,2,36604.0,31682.0,27298.0,8364.0,7239.0,6237.0,0
40000.0,1,2,1,22,-1,-1,1,10170.0,8958.0,8615.0,1974.0,1738.0,1672.0,1
230000.0,2,1,2,67,0,-1,-1,34126.0,32261.0,33171.0,5938.0,5614.0,5772.0,0
80000.0,1,1,1,58,1,-1,-1,66358.0,66611.0,59308.0,14975.0,15032.0,13384.0,0
165000.0,1,1,2,49,1,1,1,153808.0,132406.0,111550.0,7559.0,6507.0,5482.0,1
45000.0,2,1,1,27,-1,1,-1,26398.0,26923.0,28013.0,4340.0,4426.0,4605.0,0
110000.0,2,2,1,26,-1,2,1,124597.0,110721.0,108179.0,33302.0,29594.0,28914.0,1
130000.0,2,2,1,25,0,0,1,28294.0,23768.0,20292.0,7022.0,5899.0,5036.0,0
190000.0,1,1,2,56,0,2,0,46992.0,39805.0,40744.0,6774.0,5738.0,5873.0,0
105000.0,2,1,2,54,-1,2,0,74261.0,64872.0,60296.0,19534.0,17064.0,15860.0,0
30000.0,1,2,2,46,1,2,-1,12762.0,12820.0,11489.0,846.0,850.0,761.0,1
65000.0,1,2,1,25,1,1,2,23388.0,18745.0,15349.0,5665.0,4540.0,3718.0,0
665000.0,1,2,2,63,2,1,-1,476041.0,390922.0,331067.0,127842.0,104983.0,88909.0,0
15000.0,1,1,1,34,1,-1,2,8198.0,7069.0,6909.0,911.0,785.0,768.0,0
70000.0,1,1,2,50,-1,-1,2,49157.0,50129.0,52284.0,5212.0,5315.0,5543.0,0
130000.0,1,2,1,33,0,0,0,87905.0,92249.0,76370.0,22659.0,23778.0,19685.0,0
30000.0,2,2,2,29,1,0,2,17036.0,17498.0,17007.0,1735.0,1782.0,1732.0,1
25000.0,2,2,2,67,1,1,-1,21693.0,19939.0,18110.0,5732.0,5268.0,4785.0,1
80000.0,1,2,1,35,3,-1,1,36408.0,37568.0,37197.0,3202.0,3304.0,3271.0,1
50000.0,1,2,3,40,0,-1,-1,27366.0,27955.0,22613.0,2124.0,2169.0,1755.0,0
25000.0,2,3,1,34,0,3,1,25623.0,24135.0,24573.0,7471.0,7037.0,7165.0,1
20000.0,2,1,1,68,-1,1,0,11764.0,10767.0,10964.0,1634.0,1495.0,1523.0,0
70000.0,2,2,3,42,-1,0,3,12239.0,10366.0,9849.0,3158.0,2675.0,2542.0,0
65000.0,1,2,1,63,0,0,0,28668.0,24717.0,22697.0,8085.0,6970.0,6401.0,1
55000.0,1,2,1,32,0,0,0,62769.0,65429.0,55582.0,9071.0,9455.0,8032.0,0
45000.0,2,2,2,42,2,0,2,24768.0,24366.0,22738.0,1942.0,1910.0,1782.0,1
235000.0,2,2,1,59,0,0,3,270815.0,267807.0,245609.0,19751.0,19531.0,17912.0,1
85000.0,2,3,2,60,2,0,-1,35480.0,29158.0,27137.0,4116.0,3383.0,3148.0,1
10000.0,1,2,1,46,1,0,1,7573.0,7474.0,7140.0,2074.0,2047.0,1956.0,1
135000.0,2,3,1,27,-1,-1,2,33996.0,30352.0,30106.0,9170.0,8187.0,8121.0,0
110000.0,1,1,2,48,2,2,3,63398.0,59477.0,62278.0,8612.0,8080.0,8460.0,1
305000.0,1,2,1,54,2,3,-1,287756.0,249675.0,209322.0,56916.0,49384.0,41403.0,1
45000.0,2,2,1,61,-1,1,1,42299.0,35993.0,29445.0,6829.0,5811.0,4754.0,0
80000.0,2,1,2,61,0,0,0,60172.0,54710.0,43835.0,17479.0,15893.0,12734.0,1
85000.0,1,2,1,25,1,0,1,93619.0,86627.0,78005.0,12144.0,11237.0,10119.0,0
25000.0,1,2,3,55,2,0,0,6342.0,6305.0,5544.0,841.0,836.0,735.0,0
65000.0,2,2,3,55,1,0,2,64944.0,62689.0,59096.0,16005.0,15449.0,14564.0,1
140000.0,1,1,1,59,0,1,0,94877.0,92968.0,87950.0,9369.0,9181.0,8685.0,0
675000.0,2,1,1,22,1,-1,-1,114378.0,115610.0,120731.0,30988.0,31322.0,32710.0,0
130000.0,1,1,2,37,1,0,-1,77201.0,66400.0,58935.0,22386.0,19254.0,17089.0,1
120000.0,2,4,2,27,0,0,-1,45815.0,43806.0,45894.0,5893.0,5635.0,5903.0,0
30000.0,1,3,1,21,1,0,0,8447.0,8560.0,8916.0,531.0,539.0,561.0,1
625000.0,2,1,2,42,2,0,0,210128.0,187114.0,193178.0,58253.0,51873.0,53554.0,0
60000.0,2,1,2,65,0,1,1,39580.0,32263.0,31167.0,5809.0,4735.0,4575.0,1
70000.0,1,3,2,22,2,2,0,51926.0,47642.0,48325.0,12904.0,11840.0,12009.0,1
760000.0,1,3,3,24,-1,0,2,887802.0,741788.0,704611.0,175653.0,146764.0,139408.0,0
365000.0,2,2,1,52,0,0,0,427229.0,424610.0,415635.0,77696.0,77220.0,75587.0,0
50000.0,2,2,1,26,1,0,-1,46236.0,42076.0,35661.0,5351.0,4870.0,4127.0,0
95000.0,2,1,2,30,-1,1,1,47028.0,44438.0,44403.0,8889.0,8399.0,8392.0,0
225000.0,2,2,2,54,0,-1,-1,50401.0,41977.0,43379.0,5080.0,4231.0,4372.0,0
145000.0,1,1,2,47,-1,1,2,56733.0,51888.0,52395.0,5733.0,5243.0,5294.0,0
125000.0,1,2,2,44,0,1,1,30850.0,29514.0,30180.0,2836.0,2713.0,2774.0,1
35000.0,1,1,2,41,3,0,0,37686.0,32288.0,27881.0,5164.0,4424.0,3820.0,1
235000.0,2,3,2,61,-1,2,1,166729.0,138969.0,143151.0,28263.0,23557.0,24266.0,1
240000.0,1,2,2,66,0,-1,1,197936.0,199262.0,189009.0,26267.0,26443.0,25082.0,0
60000.0,2,2,1,63,0,0,1,52161.0,43067.0,43606.0,12259.0,10122.0,10249.0,0
315000.0,2,1,1,65,0,0,0,369868.0,356441.0,358460.0,23761.0,22899.0,23028.0,0
35000.0,1,1,1,34,0,1,0,16424.0,14643.0,15087.0,670.0,598.0,616.0,0
145000.0,1,3,2,47,3,-1,0,33191.0,28962.0,29680.0,1790.0,1562.0,1600.0,1
55000.0,1,1,2,59,0,0,-1,11324.0,9379.0,8027.0,709.0,587.0,503.0,0
360000.0,1,1,1,33,1,1,1,352513.0,314939.0,301360.0,19214.0,17166.0,16426.0,1
85000.0,1,4,2,30,0,1,2,29444.0,25911.0,21024.0,2121.0,1866.0,1514.0,0
85000.0,1,2,2,67,1,0,0,71419.0,67114.0,63602.0,11805.0,11093.0,10513.0,1
205000.0,1,3,1,34,3,0,-1,163552.0,168151.0,166244.0,23330.0,23986.0,23714.0,0
75000.0,1,1,1,21,2,1,1,11465.0,10689.0,11175.0,773.0,720.0,753.0,0
95000.0,2,3,2,48,-1,-1,-1,24735.0,24077.0,22478.0,2866.0,2790.0,2604.0,0
105000.0,2,1,1,38,0,2,-1,116692.0,106049.0,90435.0,23736.0,21571.0,18395.0,1
90000.0,1,2,1,33,3,3,2,25575.0,24588.0,19767.0,7111.0,6837.0,5496.0,1
20000.0,2,1,1,52,3,3,-1,12384.0,12031.0,10899.0,1387.0,1347.0,1220.0,0
135000.0,2,3,1,69,0,0,0,91440.0,88028.0,83404.0,20412.0,19650.0,18618.0,0
150000.0,2,2,2,67,1,1,0,57308.0,53298.0,53893.0,16911.0,15728.0,15904.0,1
30000.0,1,2,2,32,1,-1,3,9049.0,8839.0,8663.0,551.0,538.0,527.0,1
385000.0,2,1,2,47,-1,0,0,438089.0,407977.0,350452.0,40764.0,37962.0,32609.0,1
105000.0,1,1,2,56,0,0,1,68883.0,71306.0,74458.0,12981.0,13438.0,14032.0,0
130000.0,2,2,2,43,0,-1,1,17937.0,18281.0,19189.0,1180.0,1202.0,1262.0,0
20000.0,2,1,1,61,0,0,0,16340.0,14770.0,12914.0,2102.0,1900.0,1661.0,0
60000.0,1,2,2,25,1,3,0,42044.0,42637.0,37415.0,5402.0,5478.0,4807.0,0
50000.0,2,1,2,33,1,2,0,29159.0,27511.0,25055.0,8546.0,8063.0,7343.0,1
110000.0,2,2,1,58,1,0,1,64738.0,58877.0,55176.0,7680.0,6984.0,6545.0,1
75000.0,1,2,1,62,2,0,1,88025.0,79642.0,69980.0,8291.0,7501.0,6591.0,1
65000.0,1,1,2,52,1,0,-1,27965.0,23915.0,21252.0,3193.0,2731.0,2427.0,1
755000.0,2,3,2,58,1,3,0,321863.0,260908.0,268487.0,84287.0,68324.0,70309.0,0
160000.0,1,1,2,59,1,1,1,35652.0,31300.0,29142.0,5897.0,5177.0,4820.0,0
40000.0,2,1,1,39,0,2,2,7065.0,5707.0,5700.0,1803.0,1457.0,1455.0,0
205000.0,2,1,1,60,-1,1,1,57109.0,46204.0,44485.0,10651.0,8617.0,8297.0,0
40000.0,2,4,2,42,0,0,0,43314.0,40549.0,33907.0,6989.0,6543.0,5471.0,1
40000.0,2,1,1,27,1,1,1,39198.0,36934.0,36266.0,6011.0,5664.0,5562.0,1
25000.0,2,2,1,42,-1,2,2,26579.0,23048.0,22156.0,4271.0,3704.0,3560.0,0
300000.0,1,2,3,64,0,1,2,181964.0,146418.0,130884.0,35718.0,28741.0,25692.0,0
40000.0,1,1,1,45,-1,-1,0,43342.0,34919.0,35565.0,4400.0,3545.0,3611.0,0
45000.0,2,2,1,66,3,3,0,18407.0,17895.0,18438.0,3775.0,3670.0,3782.0,1
55000.0,2,3,2,60,1,3,0,32766.0,33175.0,26801.0,8502.0,8608.0,6954.0,1
215000.0,2,1,1,63,3,0,-1,153237.0,123288.0,112979.0,23719.0,19084.0,17488.0,1
25000.0,2,1,1,63,2,2,0,11991.0,12563.0,11538.0,733.0,768.0,705.0,1
320000.0,2,1,2,33,-1,0,1,378364.0,329966.0,316755.0,31560.0,27523.0,26421.0,0
145000.0,1,1,1,54,-1,2,0,153799.0,143502.0,145336.0,9823.0,9165.0,9282.0,1
125000.0,2,4,2,53,0,-1,0,124350.0,125320.0,130896.0,5120.0,5160.0,5389.0,1
40000.0,1,3,1,52,2,1,0,41209.0,39863.0,35987.0,2544.0,2461.0,2222.0,1
965000.0,2,1,2,43,1,-1,0,1064813.0,1067501.0,1069174.0,286398.0,287121.0,287571.0,0
135000.0,2,1,1,56,0,2,0,20592.0,17121.0,17818.0,5741.0,4773.0,4967.0,0
85000.0,1,2,2,24,0,0,3,14385.0,11750.0,12031.0,2286.0,1868.0,1912.0,0
190000.0,1,2,2,22,-1,0,1,217971.0,207184.0,170590.0,36076.0,34291.0,28234.0,0
65000.0,2,1,2,37,0,0,2,60204.0,53370.0,55557.0,5687.0,5041.0,5248.0,1
100000.0,1,3,2,46,1,0,1,28613.0,24625.0,24404.0,7501.0,6456.0,6398.0,1
175000.0,2,2,2,23,3,-1,-1,168992.0,151513.0,122140.0,32652.0,29275.0,23600.0,1
295000.0,1,2,2,25,0,0,-1,257726.0,217022.0,185836.0,23436.0,19735.0,16899.0,1
65000.0,1,2,2,25,-1,2,0,67593.0,57936.0,58590.0,10788.0,9247.0,9351.0,0
205000.0,1,1,2,66,3,0,1,209382.0,174071.0,161884.0,15563.0,12939.0,12033.0,1
80000.0,2,1,2,40,0,2,-1,86806.0,81832.0,84095.0,22916.0,21603.0,22200.0,1
90000.0,2,1,2,24,-1,3,0,40444.0,36694.0,37203.0,8308.0,7538.0,7642.0,1
95000.0,1,2,2,33,0,1,1,37589.0,38148.0,33148.0,7745.0,7860.0,6830.0,1
35000.0,1,2,2,65,-1,-1,0,24861.0,20466.0,20664.0,2138.0,1760.0,1777.0,0
45000.0,2,3,2,32,-1,2,1,15042.0,15743.0,13848.0,2306.0,2413.0,2123.0,0
50000.0,1,1,2,60,-1,0,1,7940.0,7242.0,6003.0,1957.0,1785.0,1479.0,1
50000.0,1,2,1,68,1,1,0,20198.0,18257.0,14713.0,2503.0,2262.0,1823.0,1
70000.0,2,2,1,50,0,-1,2,38055.0,32492.0,32168.0,10607.0,9057.0,8966.0,0
60000.0,2,1,2,33,2,-1,1,39759.0,37883.0,30846.0,7716.0,7352.0,5986.0,1
180000.0,2,2,2,59,3,2,1,123497.0,111576.0,95298.0,16758.0,15140.0,12931.0,1
60000.0,1,2,2,22,-1,3,-1,32329.0,26865.0,25227.0,8462.0,7032.0,6603.0,1
60000.0,1,2,2,21,1,0,2,55380.0,50810.0,43669.0,14031.0,12873.0,11064.0,1
35000.0,1,2,2,26,2,1,1,34332.0,30445.0,28837.0,3774.0,3347.0,3170.0,1
295000.0,2,1,2,56,3,0,1,68048.0,70024.0,61400.0,12568.0,12933.0,11340.0,1
115000.0,1,2,2,25,3,-1,0,71653.0,71461.0,70360.0,4315.0,4303.0,4237.0,1
75000.0,1,2,2,41,1,2,-1,51772.0,51351.0,43398.0,15078.0,14955.0,12639.0,1
135000.0,1,1,1,69,3,-1,0,65594.0,63382.0,54305.0,7705.0,7446.0,6379.0,1
15000.0,1,1,1,31,2,1,0,16921.0,15139.0,12932.0,4848.0,4337.0,3705.0,1
145000.0,2,1,2,61,-1,0,1,66915.0,64824.0,66324.0,15254.0,14777.0,15119.0,0
105000.0,1,2,2,27,-1,2,-1,36422.0,34423.0,33857.0,6351.0,6003.0,5904.0,0
115000.0,1,3,2,41,3,0,-1,47350.0,49152.0,41978.0,7292.0,7569.0,6464.0,1
25000.0,1,2,1,48,-1,-1,0,3900.0,3950.0,4057.0,436.0,442.0,454.0,0
335000.0,1,2,1,48,0,1,-1,141126.0,139351.0,128465.0,15271.0,15079.0,13901.0,0
70000.0,2,2,1,40,-1,2,-1,15073.0,12293.0,9919.0,2403.0,1959.0,1581.0,0
40000.0,2,1,2,59,0,0,0,12728.0,13200.0,12014.0,2222.0,2305.0,2098.0,0
295000.0,1,4,1,23,3,3,0,159374.0,139347.0,135687.0,30449.0,26623.0,25924.0,1
45000.0,2,3,1,60,1,1,1,28336.0,25505.0,20825.0,7702.0,6933.0,5661.0,1
205000.0,2,1,2,49,3,0,1,54382.0,46005.0,44600.0,7010.0,5930.0,5749.0,0
75000.0,2,4,2,52,-1,1,-1,31983.0,33079.0,27066.0,3181.0,3290.0,2692.0,0
20000.0,2,2,1,22,0,1,-1,19107.0,18738.0,16241.0,4652.0,4562.0,3954.0,0
130000.0,1,1,2,30,1,-1,1,135659.0,121527.0,104546.0,28120.0,25191.0,21671.0,0
75000.0,1,2,2,36,0,1,-1,90000.0,86726.0,81310.0,17294.0,16665.0,15624.0,1
60000.0,2,1,1,64,-1,-1,0,61941.0,51396.0,42329.0,2551.0,2116.0,1743.0,0
55000.0,2,2,2,52,2,0,1,63127.0,56741.0,46990.0,18568.0,16690.0,13822.0,1
185000.0,1,2,1,68,-1,1,-1,50869.0,52528.0,51470.0,9740.0,10057.0,9855.0,0
125000.0,1,2,3,57,0,1,-1,65473.0,65871.0,62744.0,3258.0,3277.0,3122.0,1
95000.0,2,1,2,52,2,1,0,81600.0,73838.0,67795.0,11694.0,10582.0,9716.0,0
45000.0,2,1,2,44,-1,1,0,11859.0,11888.0,12373.0,2997.0,3004.0,3127.0,0
100000.0,2,2,1,32,0,3,-1,72857.0,64476.0,57450.0,7531.0,6664.0,5938.0,0
60000.0,2,1,2,25,1,-1,3,59931.0,58521.0,59815.0,3417.0,3337.0,3410.0,1
35000.0,1,3,2,36,-1,-1,2,30883.0,26019.0,21503.0,5750.0,4845.0,4004.0,0
295000.0,1,1,2,26,0,0,0,210502.0,185244.0,170218.0,50852.0,44751.0,41121.0,1
110000.0,2,2,2,62,3,0,3,37525.0,34050.0,27653.0,3896.0,3535.0,2871.0,0
155000.0,2,1,2,36,-1,2,3,72551.0,69721.0,63396.0,4974.0,4780.0,4346.0,1
220000.0,2,1,2,63,-1,1,0,31339.0,30806.0,26820.0,6928.0,6810.0,5929.0,0
110000.0,2,3,1,65,1,0,3,109516.0,102596.0,105466.0,29290.0,27440.0,28207.0,1
110000.0,1,1,2,47,-1,0,-1,23107.0,23791.0,22547.0,2422.0,2493.0,2363.0,0
70000.0,1,2,1,30,1,-1,0,38773.0,32856.0,30368.0,3869.0,3278.0,3030.0,0
540000.0,2,2,2,57,1,-1,-1,432561.0,359384.0,304617.0,111949.0,93011.0,78837.0,0
75000.0,1,1,1,65,-1,2,3,16044.0,12913.0,11358.0,1713.0,1379.0,1213.0,1
125000.0,1,3,2,67,0,2,1,59792.0,49410.0,45355.0,10411.0,8603.0,7897.0,1
230000.0,1,2,1,51,3,2,2,147807.0,137890.0,129239.0,25492.0,23782.0,22290.0,0
40000.0,2,1,1,25,3,2,2,27118.0,27817.0,24419.0,5742.0,5890.0,5171.0,1
115000.0,2,3,1,58,-1,1,1,90647.0,85055.0,88805.0,4134.0,3879.0,4050.0,0
105000.0,1,2,1,40,0,0,1,41579.0,39580.0,39239.0,4032.0,3838.0,3805.0,0
90000.0,1,1,2,66,-1,0,0,96398.0,91605.0,76866.0,20919.0,19879.0,16680.0,0
95000.0,2,1,2,43,1,0,0,47166.0,39594.0,32665.0,10088.0,8468.0,6986.0,1
65000.0,2,3,1,45,1,0,1,67129.0,54639.0,46500.0,7087.0,5768.0,4909.0,1
305000.0,1,1,1,48,0,1,1,248221.0,207065.0,168028.0,48723.0,40645.0,32982.0,1
65000.0,2,1,1,54,-1,-1,1,72032.0,64850.0,64593.0,5702.0,5134.0,5114.0,0
85000.0,2,1,1,49,-1,2,-1,49515.0,44108.0,37931.0,11193.0,9971.0,8575.0,1
365000.0,2,2,2,42,-1,-1,1,358887.0,320713.0,291444.0,80961.0,72349.0,65747.0,0
95000.0,2,2,1,53,0,3,3,60750.0,53020.0,43042.0,7726.0,6743.0,5474.0,1
50000.0,2,1,2,50,3,0,-1,46025.0,38315.0,38280.0,9402.0,7827.0,7820.0,0
95000.0,1,1,2,25,2,0,0,76087.0,68870.0,69203.0,16908.0,15304.0,15378.0,1
40000.0,2,2,2,58,3,0,3,46634.0,41244.0,36685.0,6677.0,5905.0,5252.0,1
160000.0,2,2,1,61,-1,0,1,125915.0,108966.0,92345.0,13103.0,11339.0,9609.0,0
25000.0,1,2,1,63,-1,0,0,5772.0,4790.0,4842.0,1252.0,1039.0,1050.0,0
405000.0,2,1,2,42,0,-1,1,217828.0,176329.0,183205.0,36473.0,29524.0,30675.0,0
60000.0,2,2,2,29,0,-1,0,22181.0,17911.0,15623.0,5585.0,4509.0,3933.0,0
145000.0,2,4,1,56,1,1,0,50842.0,41260.0,40711.0,7695.0,6245.0,6162.0,1
115000.0,2,2,1,38,3,0,2,125683.0,131017.0,118213.0,12715.0,13255.0,11960.0,1
350000.0,1,1,1,44,1,-1,2,302138.0,264261.0,242239.0,48124.0,42091.0,38583.0,1
20000.0,2,1,2,67,-1,2,-1,4321.0,4306.0,3510.0,946.0,943.0,768.0,0
55000.0,1,1,3,54,2,-1,-1,25234.0,22403.0,18727.0,4448.0,3949.0,3301.0,0
65000.0,2,3,1,52,1,-1,1,51850.0,45825.0,45173.0,13801.0,12197.0,12024.0,1
45000.0,2,2,2,43,-1,-1,2,32992.0,28734.0,27389.0,4439.0,3866.0,3685.0,1
325000.0,2,3,2,21,1,1,-1,253316.0,228993.0,233115.0,46377.0,41924.0,42678.0,0
150000.0,2,3,2,66,3,0,1,33709.0,30999.0,30277.0,4856.0,4466.0,4362.0,1
55000.0,2,2,2,34,-1,3,0,13762.0,12417.0,10066.0,3329.0,3004.0,2435.0,0
25000.0,2,1,2,31,-1,0,-1,30000.0,25389.0,22710.0,3734.0,3160.0,2827.0,1
325000.0,1,3,3,63,-1,3,1,221798.0,181585.0,156565.0,29145.0,23861.0,20573.0,1
100000.0,1,1,3,40,1,0,-1,38037.0,36169.0,33675.0,1601.0,1523.0,1418.0,1
220000.0,1,2,1,37,0,0,0,239979.0,195695.0,199798.0,68605.0,55945.0,57118.0,0
10000.0,1,3,2,23,-1,0,1,4413.0,4561.0,3953.0,215.0,223.0,193.0,1
150000.0,1,2,1,49,2,-1,0,35730.0,33785.0,34887.0,6739.0,6372.0,6580.0,0
210000.0,2,2,2,26,-1,-1,-1,109829.0,89126.0,81716.0,16986.0,13784.0,12638.0,0
25000.0,1,4,1,66,0,0,0,14206.0,11465.0,10769.0,3229.0,2606.0,2448.0,0
85000.0,1,2,2,35,3,1,-1,42686.0,37958.0,35827.0,8124.0,7224.0,6819.0,1
135000.0,1,2,1,64,-1,0,1,76486.0,65050.0,55024.0,8295.0,7055.0,5967.0,0
45000.0,2,4,3,23,1,0,-1,33421.0,32236.0,31981.0,5849.0,5641.0,5597.0,0
30000.0,2,1,2,36,0,-1,-1,32367.0,26650.0,23706.0,8205.0,6755.0,6009.0,0
280000.0,2,3,2,68,1,1,1,72618.0,61918.0,58053.0,8612.0,7343.0,6885.0,0
80000.0,1,2,2,63,-1,-1,0,18118.0,17902.0,16500.0,4496.0,4442.0,4094.0,0
190000.0,2,2,2,66,1,0,-1,49151.0,49538.0,49397.0,13670.0,13778.0,13739.0,0
145000.0,2,3,2,29,2,-1,-1,124280.0,111326.0,105596.0,23652.0,21187.0,20096.0,0
60000.0,2,1,1,46,1,2,2,34609.0,33625.0,31298.0,2516.0,2445.0,2276.0,1
125000.0,1,2,1,54,1,1,1,28991.0,24660.0,22661.0,6169.0,5247.0,4822.0,0
70000.0,1,1,3,47,-1,3,1,38868.0,32073.0,32314.0,11362.0,9375.0,9446.0,1
55000.0,2,2,1,45,2,-1,-1,10590.0,9734.0,10173.0,2019.0,1856.0,1940.0,0
140000.0,2,2,2,68,1,-1,-1,30586.0,27168.0,27030.0,5123.0,4550.0,4527.0,0
25000.0,2,3,2,54,-1,-1,0,13334.0,11556.0,9666.0,3614.0,3132.0,2620.0,0
40000.0,1,1,2,29,1,0,0,7983.0,6703.0,6644.0,922.0,774.0,767.0,0
70000.0,1,2,1,49,2,0,0,14728.0,15091.0,14721.0,3035.0,3110.0,3034.0,1
70000.0,2,1,2,49,0,-1,2,68076.0,68461.0,67542.0,2979.0,2996.0,2956.0,0
30000.0,2,1,1,48,0,2,0,20349.0,17487.0,17337.0,5411.0,4650.0,4610.0,1
55000.0,1,1,2,23,3,0,0,45770.0,44199.0,38096.0,11684.0,11283.0,9725.0,1
50000.0,2,2,1,29,1,2,-1,47173.0,46157.0,37629.0,2573.0,2517.0,2052.0,1
30000.0,2,2,1,48,0,3,0,6120.0,5738.0,6022.0,457.0,428.0,449.0,1
75000.0,1,3,2,52,1,1,-1,74310.0,74245.0,73182.0,15984.0,15970.0,15741.0,1
65000.0,2,2,2,41,-1,-1,0,38820.0,38657.0,31609.0,7846.0,7813.0,6388.0,0
160000.0,1,1,2,39,1,0,3,147549.0,140993.0,114932.0,19434.0,18571.0,15138.0,1
35000.0,1,1,2,55,1,0,2,27389.0,25944.0,25661.0,3561.0,3373.0,3336.0,1
215000.0,1,3,3,41,-1,1,-1,41575.0,37101.0,29715.0,10624.0,9481.0,7593.0,0
525000.0,2,2,2,32,-1,1,-1,255884.0,223217.0,191037.0,51791.0,45179.0,38666.0,0
195000.0,1,3,2,22,2,-1,-1,96279.0,85638.0,69564.0,7481.0,6654.0,5405.0,1
65000.0,2,1,1,36,-1,0,2,66733.0,68241.0,61997.0,3086.0,3156.0,2867.0,0
335000.0,2,2,1,68,-1,0,0,114056.0,95590.0,83519.0,4356.0,3651.0,3190.0,0
140000.0,2,4,1,56,1,0,1,60738.0,52975.0,49300.0,14255.0,12433.0,11570.0,1
220000.0,2,4,2,50,3,3,2,170625.0,178198.0,171985.0,22335.0,23326.0,22513.0,1
65000.0,1,2,2,24,0,-1,1,26712.0,23354.0,22939.0,2119.0,1852.0,1820.0,1
95000.0,2,2,1,52,1,0,3,32916.0,30938.0,27531.0,1816.0,1707.0,1519.0,0
65000.0,2,2,2,27,0,1,1,59817.0,57760.0,49573.0,11426.0,11033.0,9469.0,1
225000.0,1,3,2,47,-1,1,2,80410.0,70627.0,72530.0,16033.0,14083.0,14462.0,0
415000.0,1,2,2,49,2,-1,3,265901.0,249070.0,221373.0,75457.0,70681.0,62821.0,0
35000.0,2,1,1,64,1,-1,3,24267.0,21891.0,19225.0,2739.0,2471.0,2170.0,1
260000.0,1,1,2,54,3,1,3,223417.0,208046.0,200531.0,30468.0,28371.0,27347.0,1
70000.0,1,1,1,56,0,2,-1,48438.0,50256.0,51227.0,13572.0,14081.0,14354.0,0
335000.0,2,3,2,31,1,1,-1,342237.0,276153.0,258458.0,29631.0,23909.0,22377.0,0
35000.0,2,1,2,41,-1,0,1,21163.0,19150.0,19681.0,1028.0,930.0,956.0,1
30000.0,1,2,1,26,-1,-1,0,33438.0,32251.0,32706.0,8296.0,8002.0,8115.0,0
110000.0,1,2,2,60,0,2,1,33121.0,29469.0,24330.0,4595.0,4088.0,3375.0,0
235000.0,2,2,2,51,2,2,-1,81143.0,72426.0,64170.0,14549.0,12986.0,11506.0,1
55000.0,2,3,2,66,-1,2,2,24816.0,23608.0,21276.0,1235.0,1174.0,1058.0,0
70000.0,2,2,2,32,1,2,2,26622.0,21650.0,18156.0,7572.0,6158.0,5164.0,0
105000.0,2,1,1,47,1,0,0,95642.0,99104.0,91580.0,7968.0,8257.0,7630.0,1
65000.0,2,2,1,55,0,1,0,16957.0,14665.0,12383.0,1096.0,948.0,800.0,0
150000.0,1,2,2,65,2,0,0,173108.0,156402.0,144875.0,30105.0,27200.0,25195.0,1
355000.0,2,2,1,50,1,2,0,54967.0,53622.0,54053.0,12454.0,12149.0,12247.0,0
35000.0,2,2,2,44,0,2,-1,28554.0,24832.0,19903.0,1592.0,1384.0,1109.0,1
55000.0,1,3,1,30,2,1,3,55586.0,58360.0,51804.0,2191.0,2301.0,2042.0,1
350000.0,1,2,2,69,0,0,1,399356.0,330266.0,284477.0,47948.0,39653.0,34155.0,0
65000.0,1,1,3,65,-1,-1,-1,72837.0,71346.0,72358.0,11724.0,11484.0,11647.0,0
80000.0,2,1,1,26,-1,1,1,62142.0,56667.0,45845.0,3337.0,3043.0,2462.0,0
195000.0,1,1,1,26,2,3,0,172433.0,144650.0,150809.0,9983.0,8375.0,8731.0,1
110000.0,2,2,2,41,1,1,1,82116.0,77918.0,75389.0,19397.0,18405.0,17808.0,0
70000.0,2,1,1,64,0,0,-1,63748.0,52661.0,49832.0,9018.0,7449.0,7049.0,0
300000.0,2,4,1,57,0,0,2,215746.0,188265.0,153573.0,46744.0,40790.0,33274.0,0
105000.0,2,1,2,40,2,0,2,63211.0,61207.0,63390.0,3862.0,3740.0,3873.0,1
75000.0,1,1,2,66,0,-1,0,34356.0,29434.0,24192.0,9665.0,8280.0,6805.0,1
65000.0,1,1,1,41,0,-1,2,10336.0,10794.0,9186.0,3045.0,3179.0,2706.0,0
50000.0,2,2,1,26,1,-1,0,41945.0,36211.0,33138.0,6548.0,5653.0,5173.0,1
25000.0,2,1,2,64,0,2,-1,4828.0,4383.0,3997.0,1417.0,1287.0,1173.0,0
275000.0,1,2,2,52,3,-1,0,71291.0,74713.0,70122.0,18745.0,19645.0,18438.0,0
525000.0,2,1,2,53,1,2,2,602397.0,514309.0,420319.0,81531.0,69609.0,56888.0,0
65000.0,2,2,2,34,3,1,-1,43867.0,39177.0,32136.0,5278.0,4714.0,3867.0,1
120000.0,1,1,2,56,0,-1,-1,33916.0,33253.0,27409.0,8957.0,8782.0,7239.0,0
505000.0,1,4,2,63,1,0,-1,211640.0,191976.0,199312.0,42550.0,38596.0,40071.0,0
100000.0,2,2,1,35,0,1,1,76043.0,72751.0,70245.0,13633.0,13043.0,12594.0,0
40000.0,1,2,1,44,1,-1,0,25275.0,22698.0,20384.0,3201.0,2874.0,2581.0,0
230000.0,2,2,1,45,-1,0,0,227897.0,238423.0,246311.0,45656.0,47765.0,49345.0,0
115000.0,2,3,1,47,1,1,0,22073.0,17702.0,15179.0,3574.0,2866.0,2458.0,0
140000.0,2,2,1,41,1,1,-1,27963.0,24678.0,20464.0,3794.0,3349.0,2777.0,1
135000.0,1,1,2,30,-1,1,0,142202.0,134123.0,115359.0,35446.0,33432.0,28755.0,0
125000.0,2,2,1,61,0,-1,0,46499.0,40585.0,39105.0,7663.0,6688.0,6444.0,0
195000.0,2,2,2,61,3,-1,-1,178108.0,158005.0,159882.0,28622.0,25392.0,25693.0,1
40000.0,2,3,2,64,1,-1,1,26560.0,23208.0,21453.0,4231.0,3697.0,3417.0,1
180000.0,1,2,1,28,-1,3,-1,130612.0,113135.0,102665.0,18921.0,16389.0,14872.0,0
105000.0,1,2,2,44,0,1,-1,62859.0,61862.0,59534.0,3451.0,3396.0,3268.0,0
115000.0,1,4,2,60,0,0,1,80270.0,70744.0,64057.0,22937.0,20215.0,18304.0,1
440000.0,1,3,2,29,-1,-1,-1,93375.0,78038.0,65042.0,17772.0,14853.0,12379.0,0
15000.0,2,1,2,49,1,3,-1,7649.0,6594.0,6543.0,914.0,788.0,781.0,1
60000.0,1,2,3,65,-1,1,-1,25166.0,23200.0,20035.0,3616.0,3334.0,2879.0,1
115000.0,1,1,3,21,-1,0,2,114771.0,109170.0,109169.0,29613.0,28168.0,28168.0,1
120000.0,2,1,2,41,0,-1,0,138847.0,114478.0,117591.0,28432.0,23442.0,24079.0,1
280000.0,2,1,3,69,0,0,0,327314.0,277673.0,271397.0,30781.0,26113.0,25523.0,0
125000.0,1,2,2,34,0,1,2,144220.0,141926.0,126056.0,6201.0,6103.0,5420.0,1
145000.0,1,2,2,34,2,1,-1,117518.0,98098.0,79291.0,33743.0,28167.0,22767.0,0
300000.0,1,2,1,43,0,-1,0,342863.0,351054.0,284591.0,92043.0,94242.0,76400.0,0
10000.0,2,2,1,46,1,3,1,8527.0,8059.0,6725.0,2279.0,2154.0,1798.0,1
50000.0,1,2,2,44,-1,-1,0,53850.0,53717.0,56063.0,12092.0,12062.0,12589.0,0
345000.0,1,2,1,54,-1,0,1,156717.0,163671.0,132967.0,32107.0,33532.0,27241.0,0
85000.0,1,1,2,64,-1,1,0,13254.0,12568.0,10563.0,2274.0,2156.0,1812.0,0
285000.0,1,2,1,55,1,1,-1,257413.0,211195.0,214969.0,54712.0,44889.0,45691.0,0
220000.0,2,1,2,33,-1,0,3,219293.0,220103.0,204400.0,30611.0,30725.0,28533.0,1
125000.0,1,1,2,61,1,-1,1,132169.0,128132.0,131118.0,26761.0,25943.0,26548.0,1
55000.0,2,1,1,38,0,1,1,10938.0,9112.0,9446.0,1112.0,926.0,960.0,0
25000.0,2,2,2,55,2,0,0,16647.0,15586.0,14977.0,4174.0,3908.0,3755.0,1
100000.0,1,4,1,68,-1,-1,2,115068.0,114445.0,98505.0,28519.0,28365.0,24414.0,1
240000.0,2,3,1,59,3,3,0,181881.0,164056.0,169172.0,51304.0,46276.0,47720.0,1
90000.0,1,1,1,22,3,-1,3,14490.0,13829.0,12673.0,1963.0,1873.0,1717.0,1
85000.0,1,1,2,23,1,2,0,60741.0,51278.0,46020.0,8137.0,6869.0,6165.0,1
105000.0,1,2,2,25,1,0,-1,86669.0,88897.0,71839.0,18565.0,19042.0,15388.0,0
100000.0,2,1,3,38,0,0,-1,52404.0,43543.0,40721.0,15064.0,12517.0,11706.0,0
45000.0,1,2,1,64,0,0,0,25357.0,20360.0,17716.0,2863.0,2299.0,2000.0,1
260000.0,2,2,1,32,2,0,2,293933.0,293081.0,303632.0,15436.0,15391.0,15945.0,1
455000.0,2,2,2,66,0,3,-1,274821.0,281198.0,280078.0,11624.0,11894.0,11847.0,1
75000.0,1,2,2,60,0,2,0,81183.0,75213.0,71580.0,13044.0,12085.0,11501.0,1
370000.0,2,1,2,44,1,1,1,401589.0,332942.0,319978.0,113711.0,94273.0,90603.0,1
305000.0,2,3,1,50,1,1,-1,215074.0,190744.0,193293.0,55577.0,49290.0,49949.0,1
55000.0,1,3,1,59,0,2,1,39945.0,32301.0,33839.0,2903.0,2348.0,2460.0,0
80000.0,1,3,2,66,-1,3,2,81136.0,83475.0,82991.0,13428.0,13815.0,13735.0,1
45000.0,2,2,2,52,1,0,-1,18391.0,17617.0,14857.0,2272.0,2176.0,1835.0,1
215000.0,1,2,2,67,-1,0,0,229114.0,238074.0,216645.0,42379.0,44036.0,40072.0,0
80000.0,1,3,1,31,-1,2,3,67460.0,62468.0,59718.0,6325.0,5857.0,5599.0,1
25000.0,1,2,2,46,0,-1,-1,9674.0,10151.0,9791.0,1687.0,1771.0,1708.0,0
130000.0,2,2,2,53,0,2,0,118046.0,107197.0,103249.0,29464.0,26756.0,25770.0,0
115000.0,2,2,1,65,1,-1,2,36563.0,35174.0,31032.0,8854.0,8517.0,7514.0,1
50000.0,1,1,2,25,0,2,0,12035.0,11877.0,10663.0,2843.0,2806.0,2519.0,1
80000.0,2,2,2,63,-1,0,3,21340.0,18111.0,18898.0,5229.0,4438.0,4630.0,0
355000.0,2,2,1,23,0,1,0,247997.0,213939.0,223791.0,13061.0,11267.0,11786.0,0
90000.0,2,1,2,35,0,1,-1,80380.0,70195.0,63497.0,6716.0,5865.0,5306.0,0
145000.0,2,2,1,39,1,-1,2,21627.0,22496.0,18787.0,6033.0,6276.0,5241.0,0
330000.0,1,2,2,52,2,1,-1,329057.0,265588.0,215098.0,19965.0,16114.0,13051.0,1
55000.0,2,1,2,47,1,0,1,33336.0,33327.0,31393.0,4604.0,4603.0,4336.0,1
205000.0,2,1,2,41,2,-1,2,224696.0,194176.0,200730.0,51978.0,44918.0,46434.0,1
235000.0,1,3,2,28,2,1,1,280629.0,263546.0,244911.0,41051.0,38552.0,35826.0,1
30000.0,1,1,1,25,1,-1,1,26559.0,27751.0,26191.0,7772.0,8121.0,7664.0,1
315000.0,1,2,1,45,0,0,0,322057.0,307314.0,294656.0,19055.0,18182.0,17433.0,0
40000.0,1,2,2,34,1,3,1,20422.0,19543.0,17299.0,1236.0,1183.0,1047.0,1
65000.0,2,2,1,32,-1,1,1,53653.0,44731.0,38637.0,2017.0,1681.0,1452.0,1
135000.0,1,1,3,58,1,1,0,115560.0,93745.0,92310.0,5601.0,4544.0,4474.0,0
215000.0,1,2,2,56,1,2,-1,251289.0,203082.0,207848.0,37377.0,30207.0,30916.0,1
45000.0,2,2,2,46,1,2,-1,41746.0,34835.0,32458.0,11486.0,9585.0,8931.0,1
100000.0,1,2,3,51,0,0,0,49205.0,47966.0,44304.0,7159.0,6979.0,6446.0,1
45000.0,1,3,2,23,2,1,1,15782.0,13053.0,11371.0,2292.0,1896.0,1652.0,1
90000.0,1,2,2,47,1,1,-1,29289.0,27716.0,24690.0,4980.0,4712.0,4198.0,0
235000.0,1,2,1,60,0,1,0,66718.0,58583.0,57360.0,11112.0,9757.0,9553.0,0
70000.0,1,2,2,35,-1,2,1,63379.0,53310.0,48561.0,12467.0,10486.0,9552.0,0
75000.0,1,1,1,40,1,0,0,21384.0,19761.0,19519.0,2481.0,2293.0,2264.0,0
25000.0,2,2,2,42,0,-1,3,5257.0,4570.0,4104.0,516.0,448.0,403.0,0
145000.0,1,1,1,33,1,1,0,82649.0,75874.0,74871.0,4641.0,4261.0,4205.0,1
170000.0,2,2,1,29,0,3,1,204000.0,210342.0,170504.0,18620.0,19199.0,15563.0,1
165000.0,1,2,2,58,2,1,3,51836.0,51854.0,52927.0,8259.0,8262.0,8433.0,1
100000.0,1,3,2,58,0,-1,0,61114.0,61072.0,56611.0,7102.0,7097.0,6579.0,0
45000.0,2,2,2,46,3,3,0,14684.0,12454.0,12520.0,3916.0,3322.0,3339.0,1
85000.0,2,1,1,50,3,0,-1,60851.0,51875.0,46081.0,10794.0,9202.0,8174.0,1
250000.0,2,1,2,30,1,0,-1,52504.0,49593.0,50619.0,3053.0,2884.0,2943.0,1
45000.0,2,3,1,34,0,-1,0,29550.0,26740.0,21650.0,7591.0,6870.0,5562.0,1
295000.0,2,3,2,50,2,2,0,205222.0,179312.0,168076.0,9046.0,7904.0,7409.0,1
55000.0,2,1,2,37,3,1,0,41298.0,42257.0,37382.0,10085.0,10319.0,9129.0,1
95000.0,1,2,1,30,-1,0,3,113315.0,97732.0,101144.0,10421.0,8988.0,9301.0,1
75000.0,2,2,1,45,3,0,0,85704.0,76172.0,79224.0,13557.0,12049.0,12532.0,1
125000.0,1,3,1,49,-1,1,1,83282.0,77794.0,74807.0,21172.0,19777.0,19018.0,0
85000.0,1,1,1,45,1,1,3,52980.0,55186.0,56350.0,5087.0,5299.0,5410.0,1
230000.0,2,1,2,66,0,0,-1,77041.0,63583.0,56054.0,13856.0,11435.0,10081.0,0
110000.0,2,2,2,37,1,-1,0,69621.0,65283.0,62059.0,16027.0,15028.0,14286.0,0
70000.0,2,2,2,24,1,-1,2,43584.0,37465.0,31926.0,6179.0,5312.0,4526.0,1
120000.0,2,4,2,41,0,0,-1,76855.0,63614.0,61463.0,3550.0,2938.0,2839.0,0
120000.0,2,1,1,49,0,0,3,135490.0,110915.0,98149.0,21244.0,17391.0,15389.0,1
130000.0,1,1,2,36,-1,2,2,109021.0,111391.0,108658.0,8362.0,8543.0,8334.0,1
55000.0,2,2,2,30,-1,-1,1,49189.0,43706.0,42253.0,12215.0,10854.0,10493.0,1
140000.0,2,1,1,69,-1,3,0,102220.0,104680.0,91337.0,26196.0,26826.0,23407.0,0
130000.0,2,3,2,55,0,1,-1,137995.0,130154.0,135702.0,21355.0,20142.0,21000.0,0
125000.0,2,2,2,25,3,-1,-1,139857.0,124098.0,123180.0,26297.0,23334.0,23161.0,0
45000.0,2,1,2,38,1,-1,1,47811.0,41314.0,41570.0,4151.0,3587.0,3609.0,1
220000.0,2,1,1,40,1,-1,0,177555.0,162594.0,149782.0,7767.0,7112.0,6552.0,1
210000.0,1,1,1,68,-1,1,0,145774.0,123617.0,120104.0,25678.0,21775.0,21156.0,0
60000.0,2,1,1,35,1,-1,-1,62664.0,61055.0,58159.0,13086.0,12750.0,12145.0,1
90000.0,2,2,1,40,0,-1,0,27001.0,26329.0,21968.0,5689.0,5548.0,4629.0,1
250000.0,1,2,2,29,0,1,0,109618.0,103566.0,94592.0,8221.0,7767.0,7094.0,0
85000.0,1,1,1,61,1,0,1,11743.0,12001.0,12465.0,2198.0,2246.0,2333.0,0
80000.0,1,2,2,38,1,3,-1,23949.0,20032.0,20923.0,5209.0,4357.0,4551.0,0
195000.0,2,4,1,30,1,3,-1,149419.0,134447.0,130449.0,20580.0,18518.0,17967.0,0
55000.0,2,2,1,57,1,0,2,16772.0,16384.0,14789.0,937.0,916.0,826.0,1
130000.0,1,1,2,62,0,0,-1,70685.0,59525.0,58324.0,10127.0,8528.0,8356.0,0
160000.0,2,2,2,32,1,0,-1,182558.0,152000.0,146155.0,49689.0,41372.0,39781.0,0
40000.0,1,3,1,35,0,0,2,15632.0,13123.0,11288.0,2644.0,2220.0,1909.0,0
55000.0,2,2,1,22,1,-1,1,64581.0,56027.0,51270.0,17312.0,15019.0,13743.0,0
50000.0,2,2,1,60,-1,1,0,9221.0,7694.0,6867.0,1743.0,1455.0,1298.0,0
100000.0,2,1,3,46,0,1,-1,40623.0,40842.0,36457.0,10100.0,10155.0,9065.0,1
150000.0,1,4,1,28,1,1,0,171642.0,151846.0,135440.0,6662.0,5893.0,5257.0,1
70000.0,1,2,2,61,1,0,-1,61574.0,60524.0,51414.0,17842.0,17538.0,14898.0,0
110000.0,1,4,1,28,1,3,0,57296.0,55236.0,45969.0,14614.0,14088.0,11725.0,1
80000.0,2,2,1,67,-1,-1,0,54555.0,51526.0,48449.0,5245.0,4953.0,4658.0,0
390000.0,1,1,1,59,-1,1,2,336327.0,315441.0,300019.0,17355.0,16278.0,15482.0,0
265000.0,2,2,1,42,2,2,0,120139.0,107829.0,93536.0,21844.0,19605.0,17007.0,1
15000.0,2,1,2,68,3,0,-1,8133.0,7547.0,7912.0,2008.0,1864.0,1954.0,1
70000.0,1,2,1,52,3,-1,-1,14038.0,14633.0,14821.0,1011.0,1054.0,1068.0,0
955000.0,1,1,2,64,-1,-1,1,913706.0,888669.0,741812.0,172108.0,167392.0,139730.0,0
245000.0,2,2,1,67,3,2,0,225895.0,232618.0,199954.0,62617.0,64481.0,55426.0,1
45000.0,2,2,2,60,3,2,-1,51199.0,50789.0,47674.0,6040.0,5992.0,5624.0,1
220000.0,2,2,2,28,0,1,2,249965.0,230366.0,231829.0,40856.0,37653.0,37892.0,0
100000.0,1,2,2,56,0,-1,2,75404.0,64939.0,56443.0,17838.0,15362.0,13352.0,0
80000.0,1,2,1,42,0,0,-1,93878.0,85041.0,78908.0,9758.0,8840.0,8202.0,1
125000.0,1,2,2,22,0,0,1,118787.0,105359.0,110428.0,22640.0,20080.0,21046.0,1
275000.0,2,4,1,30,-1,0,2,190890.0,174439.0,176057.0,39526.0,36120.0,36455.0,0
150000.0,2,1,2,28,2,0,0,165455.0,158876.0,161391.0,12144.0,11661.0,11846.0,0
120000.0,2,4,1,59,1,1,0,109719.0,95301.0,78714.0,8766.0,7614.0,6289.0,0
15000.0,2,2,2,62,0,1,0,17549.0,16258.0,14379.0,1352.0,1253.0,1108.0,1
40000.0,2,2,1,51,1,-1,0,36754.0,34838.0,32252.0,6584.0,6240.0,5777.0,0
190000.0,2,1,1,56,2,0,1,228000.0,184880.0,153815.0,40208.0,32604.0,27125.0,1
160000.0,2,1,2,40,0,-1,-1,75522.0,69292.0,68422.0,7857.0,7209.0,7118.0,1
60000.0,1,1,2,54,3,1,1,68630.0,61155.0,52062.0,3817.0,3401.0,2895.0,1
280000.0,2,2,2,52,0,0,-1,41760.0,36843.0,34794.0,6822.0,6019.0,5684.0,0
20000.0,2,4,1,67,3,2,1,15625.0,13769.0,11735.0,1575.0,1388.0,1183.0,1
65000.0,1,1,2,57,1,-1,1,77071.0,76539.0,65514.0,6047.0,6005.0,5140.0,0
125000.0,2,2,1,32,1,0,3,33695.0,31622.0,30753.0,5039.0,4729.0,4599.0,0
45000.0,1,3,2,36,-1,3,3,32017.0,30671.0,29599.0,6062.0,5807.0,5604.0,1
20000.0,1,1,1,30,-1,2,0,6543.0,5631.0,5830.0,745.0,641.0,664.0,0
155000.0,1,2,1,58,0,0,1,125902.0,131847.0,111041.0,4727.0,4950.0,4169.0,1
40000.0,2,2,2,66,1,1,-1,32993.0,31867.0,29143.0,2016.0,1947.0,1781.0,1
270000.0,1,2,2,46,1,0,1,184127.0,185337.0,183964.0,25445.0,25612.0,25422.0,0
120000.0,1,1,2,43,0,2,2,118132.0,104344.0,100631.0,5885.0,5198.0,5013.0,1
135000.0,2,1,1,59,0,0,1,136517.0,124160.0,129777.0,30449.0,27693.0,28946.0,0
210000.0,2,1,1,46,-1,1,0,228352.0,201331.0,161291.0,8857.0,7809.0,6256.0,1
80000.0,1,2,2,68,1,1,1,92122.0,95101.0,77637.0,7610.0,7856.0,6413.0,1
85000.0,1,2,1,54,2,-1,1,45750.0,37041.0,32214.0,9708.0,7860.0,6836.0,1
150000.0,2,1,2,59,1,0,1,73894.0,66977.0,64808.0,6188.0,5608.0,5427.0,0
185000.0,1,1,1,25,0,1,-1,126370.0,104585.0,93388.0,11945.0,9886.0,8827.0,0
10000.0,2,1,1,68,2,-1,-1,10133.0,10205.0,9100.0,2507.0,2525.0,2251.0,0
70000.0,1,3,2,22,0,0,1,72723.0,67092.0,63353.0,14643.0,13509.0,12756.0,1
155000.0,1,1,2,23,0,0,0,138175.0,140954.0,113155.0,25376.0,25886.0,20781.0,0
130000.0,2,3,2,48,0,1,0,106246.0,94665.0,86779.0,20740.0,18479.0,16940.0,1
50000.0,2,2,1,67,0,1,1,15152.0,12985.0,12093.0,3058.0,2621.0,2441.0,1
190000.0,1,2,2,28,2,1,2,97143.0,95993.0,95812.0,21275.0,21023.0,20984.0,1
65000.0,1,1,1,22,1,0,-1,54406.0,56233.0,59004.0,12766.0,13195.0,13845.0,1
90000.0,1,3,2,58,0,0,3,90850.0,91458.0,95701.0,8045.0,8099.0,8475.0,1
90000.0,1,1,1,52,1,1,0,16089.0,15076.0,14246.0,1366.0,1280.0,1210.0,0
70000.0,1,3,2,66,-1,2,0,45205.0,45974.0,44336.0,9479.0,9641.0,9297.0,0
330000.0,1,2,1,44,2,1,2,385981.0,337937.0,274865.0,74290.0,65043.0,52904.0,1
225000.0,2,2,2,21,0,-1,0,118554.0,120789.0,122268.0,7215.0,7351.0,7441.0,0
105000.0,1,1,1,26,-1,0,1,27017.0,23911.0,22874.0,6847.0,6060.0,5797.0,0
150000.0,1,1,1,39,2,1,0,156361.0,138332.0,111213.0,30902.0,27339.0,21979.0,1
170000.0,1,2,2,34,3,1,1,195963.0,203748.0,163268.0,30304.0,31508.0,25248.0,1
255000.0,2,2,2,23,-1,3,-1,117435.0,122813.0,100236.0,28824.0,30144.0,24603.0,0
65000.0,2,1,2,59,0,0,2,26461.0,24581.0,21009.0,6772.0,6291.0,5377.0,0
100000.0,1,1,2,43,1,-1,3,23678.0,24823.0,24038.0,2951.0,3093.0,2995.0,0
140000.0,2,1,2,39,-1,0,-1,126671.0,102820.0,92479.0,29976.0,24331.0,21884.0,0
60000.0,2,1,2,61,2,3,0,71906.0,60945.0,53354.0,7140.0,6052.0,5298.0,1
45000.0,2,1,2,60,1,-1,0,11706.0,11261.0,9585.0,1719.0,1654.0,1408.0,0
55000.0,1,2,1,22,0,0,0,24090.0,23217.0,24049.0,5679.0,5473.0,5669.0,1
290000.0,1,2,1,69,0,-1,2,348000.0,321603.0,282798.0,43341.0,40054.0,35221.0,0
45000.0,2,2,1,34,-1,0,0,31251.0,27579.0,22885.0,4889.0,4314.0,3580.0,0
20000.0,2,3,1,44,3,0,1,19520.0,17645.0,15205.0,1318.0,1191.0,1026.0,1
85000.0,1,2,2,23,1,1,-1,34172.0,32842.0,30939.0,6200.0,5958.0,5613.0,0
120000.0,2,1,2,37,0,1,3,29601.0,29224.0,24984.0,1981.0,1956.0,1672.0,1
85000.0,2,1,2,63,0,-1,-1,40432.0,32976.0,33435.0,3443.0,2808.0,2847.0,0
90000.0,1,2,3,46,-1,1,-1,92214.0,88670.0,74520.0,20433.0,19647.0,16512.0,0
195000.0,1,2,2,47,2,0,0,167757.0,150727.0,156971.0,10677.0,9593.0,9990.0,1
345000.0,2,2,3,46,1,-1,1,302790.0,298279.0,239234.0,32369.0,31887.0,25575.0,1
150000.0,2,1,2,64,1,2,0,153597.0,145054.0,140389.0,42013.0,39676.0,38400.0,1
110000.0,2,2,2,45,-1,0,3,68840.0,71186.0,62448.0,16369.0,16927.0,14849.0,0
155000.0,1,1,2,54,0,0,1,143423.0,126640.0,118670.0,37626.0,33223.0,31132.0,0
65000.0,2,2,2,64,-1,2,-1,23101.0,21770.0,20457.0,6074.0,5724.0,5379.0,0
35000.0,2,1,2,33,2,1,1,28704.0,28830.0,24839.0,2845.0,2857.0,2462.0,1
245000.0,2,1,2,38,0,0,3,191475.0,180849.0,188918.0,44292.0,41834.0,43701.0,0
135000.0,1,4,2,63,1,0,1,116184.0,105534.0,92859.0,28324.0,25727.0,22637.0,0
95000.0,1,1,2,62,1,1,0,43523.0,42537.0,44244.0,3188.0,3116.0,3241.0,0
225000.0,2,1,2,38,1,-1,0,138911.0,121740.0,121579.0,25098.0,21996.0,21967.0,0
375000.0,1,2,2,45,1,1,0,265443.0,228415.0,232650.0,19330.0,16633.0,16942.0,0
30000.0,1,2,1,36,0,-1,1,8319.0,7482.0,7593.0,1278.0,1150.0,1167.0,0
50000.0,1,2,1,31,1,1,0,29753.0,27802.0,25685.0,7458.0,6969.0,6438.0,0
25000.0,2,1,2,30,2,1,-1,11560.0,9652.0,8365.0,589.0,492.0,427.0,1
110000.0,2,1,1,44,3,-1,2,107997.0,97706.0,87714.0,6684.0,6047.0,5429.0,1
310000.0,1,1,1,33,1,0,-1,85295.0,82795.0,67039.0,5245.0,5091.0,4123.0,0
80000.0,1,1,1,30,-1,1,-1,73853.0,70223.0,57479.0,10918.0,10381.0,8497.0,0
95000.0,1,1,2,55,2,3,-1,32100.0,27942.0,22623.0,8248.0,7180.0,5813.0,1
140000.0,1,3,1,50,1,0,-1,72343.0,58527.0,49355.0,14655.0,11856.0,9998.0,0
145000.0,2,2,1,38,-1,0,-1,84229.0,70746.0,68519.0,24462.0,20546.0,19899.0,0
50000.0,2,1,3,31,1,2,1,28443.0,24245.0,19968.0,3921.0,3342.0,2752.0,1
55000.0,2,2,2,26,2,0,1,65489.0,67959.0,66395.0,16197.0,16808.0,16422.0,1
35000.0,2,3,1,54,2,2,2,10419.0,9196.0,8884.0,509.0,449.0,434.0,1
125000.0,2,1,2,33,0,1,1,115566.0,92941.0,74856.0,22334.0,17962.0,14467.0,0
120000.0,2,1,2,55,1,2,0,92580.0,92370.0,96536.0,24636.0,24580.0,25689.0,1
70000.0,2,2,1,44,0,1,2,81545.0,71347.0,70801.0,3842.0,3361.0,3336.0,1
65000.0,2,2,3,68,1,-1,3,59320.0,54423.0,54545.0,13335.0,12234.0,12261.0,1
55000.0,1,3,2,49,-1,1,0,46211.0,42091.0,40529.0,5548.0,5053.0,4865.0,0
120000.0,2,2,2,45,-1,0,0,60368.0,53160.0,53654.0,15808.0,13920.0,14050.0,0
85000.0,2,1,2,59,0,-1,0,45532.0,40320.0,41043.0,12548.0,11112.0,11311.0,0
30000.0,2,1,1,62,-1,1,0,23158.0,23633.0,19794.0,2628.0,2682.0,2246.0,1
200000.0,1,2,2,59,0,1,3,166095.0,152808.0,154981.0,14628.0,13458.0,13650.0,0
140000.0,1,3,2,49,3,1,-1,151149.0,132417.0,111619.0,15458.0,13542.0,11415.0,1
60000.0,1,2,2,56,0,1,0,19548.0,15938.0,14946.0,2708.0,2208.0,2070.0,0
55000.0,2,2,2,42,0,-1,-1,18602.0,18312.0,16434.0,3860.0,3800.0,3410.0,0
40000.0,2,2,2,50,-1,0,0,9919.0,8935.0,8529.0,2771.0,2496.0,2382.0,0
145000.0,1,2,2,46,0,1,2,54351.0,53977.0,54009.0,2158.0,2143.0,2144.0,0
105000.0,2,1,3,67,0,3,-1,114903.0,114347.0,110053.0,5693.0,5665.0,5452.0,1
80000.0,2,2,2,58,1,0,1,63872.0,51270.0,46680.0,13568.0,10891.0,9916.0,1
65000.0,2,1,1,39,0,-1,1,21420.0,17662.0,14465.0,2614.0,2156.0,1765.0,0
50000.0,2,2,1,50,0,-1,-1,54484.0,45841.0,45069.0,13616.0,11456.0,11263.0,1
40000.0,2,2,2,68,1,0,0,26247.0,24945.0,20896.0,3301.0,3137.0,2628.0,1
195000.0,2,1,1,54,0,1,-1,54074.0,54363.0,46487.0,11804.0,11867.0,10148.0,0
80000.0,1,2,1,32,0,-1,3,92571.0,92672.0,85175.0,15846.0,15864.0,14580.0,1
60000.0,2,1,2,49,-1,0,0,40137.0,37938.0,35288.0,9798.0,9261.0,8614.0,0
170000.0,1,1,2,48,-1,1,-1,171262.0,173994.0,139688.0,39251.0,39877.0,32015.0,0
285000.0,1,2,2,56,0,0,0,44963.0,37902.0,34718.0,4052.0,3416.0,3129.0,0
85000.0,1,2,1,57,-1,-1,2,82605.0,73466.0,67665.0,5474.0,4869.0,4484.0,0
440000.0,2,2,2,47,0,3,1,118823.0,100612.0,94777.0,9278.0,7856.0,7400.0,1
10000.0,2,1,2,32,1,1,1,4267.0,4122.0,3358.0,797.0,770.0,627.0,1
70000.0,1,1,2,25,1,-1,2,55879.0,55638.0,57132.0,12284.0,12231.0,12559.0,1
30000.0,2,1,1,55,-1,1,-1,7625.0,6491.0,5917.0,1505.0,1281.0,1168.0,0
60000.0,1,1,1,55,-1,-1,1,41266.0,37171.0,30452.0,10505.0,9463.0,7752.0,0
20000.0,2,3,2,62,-1,2,2,11482.0,11228.0,10121.0,1359.0,1329.0,1198.0,0
100000.0,1,4,2,38,0,0,1,46584.0,46859.0,42483.0,5651.0,5684.0,5153.0,0
170000.0,2,3,2,33,2,-1,0,160227.0,137378.0,114563.0,31853.0,27311.0,22775.0,1
360000.0,2,1,1,55,3,2,-1,68353.0,59187.0,51027.0,8988.0,7782.0,6709.0,1
75000.0,2,3,1,27,3,0,-1,80384.0,82546.0,67430.0,16036.0,16468.0,13452.0,1
70000.0,2,1,1,49,-1,0,1,70497.0,72988.0,66668.0,10726.0,11105.0,10144.0,1
140000.0,2,2,2,22,1,2,0,58309.0,51445.0,51637.0,15610.0,13773.0,13824.0,1
250000.0,2,2,1,27,0,-1,1,299601.0,256371.0,238229.0,80636.0,69001.0,64118.0,0
70000.0,2,1,2,44,1,0,0,62693.0,60418.0,59216.0,11808.0,11380.0,11153.0,0
205000.0,2,1,2,55,-1,1,0,212888.0,216381.0,204338.0,55663.0,56576.0,53427.0,0
140000.0,2,2,2,39,1,-1,0,36757.0,30950.0,26501.0,10716.0,9023.0,7726.0,0
130000.0,2,2,2,28,0,3,0,146329.0,126902.0,128465.0,36342.0,31517.0,31906.0,0
40000.0,1,2,2,37,1,-1,0,8494.0,7765.0,7832.0,1969.0,1800.0,1816.0,1
35000.0,2,2,1,49,3,-1,-1,33730.0,31636.0,25622.0,8716.0,8175.0,6621.0,1
50000.0,2,1,2,66,-1,0,1,33074.0,33652.0,35216.0,2817.0,2866.0,2999.0,0
120000.0,2,2,2,25,-1,-1,1,60131.0,56543.0,48178.0,10399.0,9779.0,8332.0,0
115000.0,1,3,1,27,0,1,3,41876.0,43005.0,39285.0,7045.0,7235.0,6609.0,1
35000.0,1,1,2,52,0,-1,3,9539.0,9730.0,8895.0,1970.0,2009.0,1837.0,1
55000.0,2,2,1,68,-1,1,-1,54042.0,46065.0,41204.0,14465.0,12329.0,11028.0,0
215000.0,1,2,2,45,0,-1,1,152275.0,137690.0,144274.0,16813.0,15203.0,15930.0,0
70000.0,1,2,2,54,0,0,0,83059.0,79829.0,70734.0,24604.0,23648.0,20953.0,0
215000.0,2,1,1,65,-1,1,-1,117376.0,118531.0,95822.0,24557.0,24799.0,20048.0,0
75000.0,2,2,1,66,1,0,-1,83685.0,74230.0,67487.0,8135.0,7216.0,6561.0,1
135000.0,2,4,1,40,-1,3,1,107016.0,95776.0,89178.0,24540.0,21962.0,20449.0,1
520000.0,1,3,2,62,-1,2,3,499130.0,453881.0,445574.0,130688.0,118840.0,116665.0,1
245000.0,2,2,1,48,-1,1,0,64832.0,53917.0,52968.0,11325.0,9419.0,9253.0,0
115000.0,1,1,2,51,1,0,0,116269.0,121720.0,109825.0,26529.0,27773.0,25059.0,0
15000.0,1,2,2,48,1,2,-1,5477.0,5557.0,4800.0,1484.0,1505.0,1300.0,1
40000.0,2,2,2,62,1,1,1,12409.0,10128.0,10366.0,2041.0,1666.0,1705.0,1
185000.0,2,4,1,53,2,1,-1,139736.0,126336.0,115618.0,31572.0,28544.0,26123.0,1
50000.0,1,2,2,54,2,2,-1,9735.0,8788.0,7755.0,1221.0,1103.0,973.0,1
505000.0,2,3,1,65,0,0,2,140294.0,117548.0,108865.0,24706.0,20700.0,19171.0,0
170000.0,1,1,2,52,0,2,0,141012.0,121936.0,108479.0,17572.0,15195.0,13518.0,1
145000.0,2,1,3,28,0,2,1,67342.0,63279.0,53475.0,11777.0,11066.0,9352.0,0
120000.0,1,2,2,41,-1,-1,0,97095.0,98515.0,92426.0,23733.0,24080.0,22592.0,0
60000.0,2,1,2,48,3,0,2,62547.0,55291.0,47191.0,12321.0,10892.0,9296.0,0
225000.0,1,3,2,58,2,-1,-1,140809.0,121283.0,102108.0,10340.0,8906.0,7498.0,1
20000.0,1,3,1,60,1,1,-1,21351.0,18489.0,17273.0,3005.0,2602.0,2431.0,1
370000.0,2,1,1,33,1,0,0,65528.0,58127.0,49687.0,19323.0,17141.0,14652.0,0
200000.0,1,2,2,35,1,1,0,77097.0,71971.0,68730.0,5613.0,5240.0,5004.0,1
30000.0,2,2,1,63,2,2,2,18668.0,18644.0,15850.0,3320.0,3316.0,2819.0,1
30000.0,2,1,1,25,0,3,2,15719.0,15483.0,15358.0,3790.0,3733.0,3703.0,1
95000.0,1,1,3,35,1,0,0,64966.0,65733.0,66830.0,3730.0,3775.0,3837.0,1
55000.0,1,2,2,23,0,0,1,32290.0,31324.0,30432.0,1279.0,1241.0,1206.0,1
25000.0,2,2,2,50,0,-1,2,29575.0,29097.0,27488.0,1888.0,1857.0,1754.0,1
160000.0,1,3,2,42,2,3,0,94839.0,95723.0,94204.0,26332.0,26577.0,26155.0,1
105000.0,1,2,1,32,1,0,2,82159.0,71080.0,72030.0,11359.0,9828.0,9959.0,1
260000.0,1,2,2,34,1,1,0,81906.0,67718.0,64939.0,14356.0,11869.0,11382.0,1
210000.0,1,2,1,39,1,0,1,39436.0,36664.0,31282.0,8485.0,7889.0,6731.0,0
130000.0,2,1,1,55,-1,-1,1,142869.0,142539.0,132757.0,17223.0,17183.0,16004.0,0
495000.0,2,2,2,28,0,1,1,78085.0,68847.0,70433.0,14260.0,12573.0,12863.0,0
195000.0,1,3,1,27,-1,0,0,82466.0,69535.0,67799.0,3980.0,3356.0,3272.0,0
90000.0,2,3,1,66,0,-1,-1,85744.0,82946.0,76153.0,20000.0,19348.0,17763.0,1
100000.0,1,2,3,56,1,1,0,54467.0,51116.0,50457.0,15213.0,14277.0,14093.0,1
90000.0,2,1,2,53,-1,0,0,49604.0,43985.0,36761.0,4802.0,4258.0,3559.0,0
110000.0,1,2,2,28,3,1,0,50759.0,50072.0,41546.0,13301.0,13121.0,10887.0,1
130000.0,2,3,1,21,0,2,-1,130662.0,128573.0,110749.0,15200.0,14957.0,12883.0,1
30000.0,2,2,2,24,-1,-1,0,6620.0,5500.0,5265.0,1156.0,961.0,920.0,0
165000.0,1,1,2,58,-1,0,1,183649.0,182125.0,166242.0,34468.0,34182.0,31201.0,1
80000.0,1,3,2,26,-1,3,1,46110.0,46761.0,42904.0,7730.0,7839.0,7192.0,1
75000.0,2,1,2,64,0,-1,-1,65412.0,53983.0,49860.0,18451.0,15227.0,14064.0,0
140000.0,2,2,1,46,0,2,-1,86616.0,87513.0,73459.0,12018.0,12142.0,10192.0,0
240000.0,2,1,2,50,-1,1,0,162445.0,156683.0,160780.0,10058.0,9701.0,9955.0,0
200000.0,2,1,2,61,1,0,2,139079.0,136454.0,141218.0,34175.0,33530.0,34700.0,1
125000.0,1,2,1,52,0,1,1,45390.0,44471.0,44049.0,3729.0,3653.0,3619.0,1
255000.0,1,1,1,67,1,0,2,221017.0,226299.0,191292.0,36795.0,37674.0,31846.0,0
155000.0,1,3,2,57,-1,2,1,131694.0,130739.0,115192.0,27734.0,27533.0,24258.0,0
35000.0,2,1,2,60,-1,1,1,42000.0,39356.0,36670.0,1970.0,1846.0,1720.0,0
200000.0,1,3,1,50,0,1,-1,165972.0,155009.0,142706.0,44407.0,41474.0,38182.0,0
120000.0,1,2,2,33,0,0,-1,75677.0,75381.0,68662.0,13722.0,13668.0,12450.0,1
85000.0,1,1,1,30,0,-1,0,14082.0,13164.0,11044.0,1063.0,993.0,833.0,1
135000.0,1,3,1,55,1,2,1,98594.0,100485.0,94136.0,17833.0,18175.0,17026.0,1
110000.0,1,3,1,30,0,-1,0,69338.0,69685.0,63400.0,4143.0,4164.0,3789.0,0
505000.0,1,2,1,42,1,1,3,128689.0,118102.0,112831.0,22478.0,20628.0,19708.0,0
60000.0,1,1,3,42,1,2,0,29201.0,28020.0,23728.0,7073.0,6787.0,5747.0,1
60000.0,1,2,2,36,0,-1,-1,18480.0,18623.0,15304.0,4310.0,4343.0,3569.0,0
190000.0,2,3,1,52,2,-1,3,60141.0,56118.0,58211.0,14496.0,13526.0,14030.0,0
35000.0,2,2,1,55,0,1,-1,17200.0,14877.0,14246.0,863.0,747.0,715.0,1
50000.0,2,1,2,49,0,0,3,19367.0,17948.0,17996.0,2577.0,2388.0,2395.0,1
765000.0,2,1,2,58,-1,-1,1,745812.0,727584.0,670645.0,28607.0,27908.0,25724.0,0
90000.0,1,1,2,25,2,-1,0,17954.0,16342.0,16073.0,3508.0,3193.0,3141.0,0
35000.0,2,1,1,42,0,0,0,5923.0,5655.0,5095.0,672.0,642.0,578.0,0
85000.0,1,2,1,33,-1,1,0,18941.0,17977.0,17293.0,2342.0,2222.0,2138.0,0
40000.0,2,1,1,21,0,0,1,9065.0,8763.0,8606.0,2337.0,2260.0,2219.0,0
120000.0,1,2,1,67,1,0,0,94361.0,90759.0,78267.0,23693.0,22789.0,19652.0,1
75000.0,1,1,3,67,-1,1,2,33302.0,31979.0,31710.0,7939.0,7623.0,7559.0,0
85000.0,2,1,2,60,1,0,3,23031.0,21473.0,19864.0,1861.0,1735.0,1605.0,1
35000.0,1,1,2,60,-1,0,0,9148.0,7983.0,6567.0,550.0,480.0,395.0,0
195000.0,2,1,2,26,-1,0,0,203160.0,171768.0,159192.0,40194.0,33984.0,31496.0,0
150000.0,2,1,2,36,-1,-1,0,102788.0,90894.0,79140.0,14692.0,12992.0,11312.0,0
25000.0,2,2,2,35,-1,-1,0,21703.0,18582.0,15767.0,4711.0,4033.0,3422.0,0
300000.0,1,2,1,53,0,2,0,118004.0,105764.0,88279.0,8269.0,7411.0,6186.0,0
80000.0,1,2,2,51,1,0,1,40023.0,34260.0,33961.0,4825.0,4130.0,4094.0,0
105000.0,2,2,2,61,1,0,-1,92003.0,84210.0,79886.0,10311.0,9437.0,8953.0,0
165000.0,1,1,1,66,0,-1,1,195901.0,203993.0,166816.0,57576.0,59954.0,49028.0,0
165000.0,1,2,2,61,-1,3,1,166651.0,140368.0,133569.0,21664.0,18247.0,17363.0,0
155000.0,2,3,3,34,-1,0,0,131561.0,135900.0,133643.0,37838.0,39086.0,38437.0,0
165000.0,1,3,1,34,2,1,1,50415.0,44411.0,45570.0,14569.0,12834.0,13169.0,1
170000.0,2,1,2,58,2,0,0,43867.0,42125.0,37780.0,12404.0,11911.0,10683.0,0
170000.0,1,2,2,58,-1,0,0,39201.0,36886.0,36325.0,6610.0,6220.0,6125.0,0
255000.0,2,2,1,36,3,0,2,299898.0,288646.0,235975.0,47404.0,45625.0,37300.0,1
90000.0,2,1,1,57,0,1,0,43883.0,39180.0,39340.0,7851.0,7009.0,7038.0,0
330000.0,1,1,2,23,0,-1,1,201416.0,210162.0,187947.0,59306.0,61881.0,55340.0,0
230000.0,2,1,3,24,-1,0,-1,248676.0,242119.0,222701.0,34861.0,33942.0,31220.0,0
880000.0,1,1,1,55,-1,-1,3,648032.0,655494.0,599884.0,49561.0,50132.0,45879.0,0
265000.0,1,2,2,51,2,1,-1,96509.0,96086.0,77755.0,26649.0,26532.0,21470.0,0
125000.0,2,1,2,33,2,-1,0,122760.0,106946.0,108523.0,14966.0,13038.0,13230.0,1
405000.0,1,1,2,23,1,0,0,110822.0,100903.0,92727.0,27407.0,24954.0,22932.0,0
25000.0,2,2,1,45,0,0,0,19183.0,16977.0,14963.0,800.0,708.0,624.0,0
130000.0,2,1,2,30,-1,-1,2,124696.0,102128.0,84474.0,29721.0,24342.0,20134.0,0
445000.0,2,2,1,51,-1,0,1,534000.0,462997.0,415598.0,43000.0,37282.0,33465.0,0
540000.0,2,1,1,66,0,0,0,384277.0,363399.0,315132.0,20585.0,19466.0,16881.0,0
175000.0,1,3,1,40,-1,2,2,36049.0,35453.0,32083.0,9328.0,9174.0,8302.0,0
210000.0,2,1,2,39,2,1,0,81936.0,79891.0,80375.0,7457.0,7271.0,7315.0,1
285000.0,1,4,1,56,-1,0,-1,53678.0,53977.0,52082.0,12580.0,12650.0,12206.0,0
330000.0,2,2,2,69,-1,2,-1,235003.0,232180.0,239092.0,13356.0,13195.0,13588.0,1
140000.0,1,2,2,37,2,-1,-1,38439.0,38152.0,36208.0,4829.0,4793.0,4549.0,1
85000.0,1,2,2,27,0,0,0,82557.0,85101.0,72473.0,16678.0,17192.0,14641.0,0
50000.0,1,1,1,62,1,2,2,58950.0,48127.0,45654.0,12302.0,10043.0,9527.0,1
145000.0,2,3,1,66,0,0,1,53067.0,53521.0,45489.0,12115.0,12218.0,10385.0,1
25000.0,2,4,2,26,2,1,-1,5664.0,4983.0,4305.0,1485.0,1306.0,1129.0,1
75000.0,2,3,2,50,0,0,0,44139.0,36811.0,36356.0,7714.0,6433.0,6354.0,0
60000.0,1,1,1,28,1,0,0,21332.0,19027.0,17068.0,2473.0,2206.0,1979.0,1
85000.0,1,1,2,62,1,1,0,55860.0,53126.0,43401.0,3432.0,3264.0,2667.0,1
145000.0,2,2,1,66,-1,1,-1,155688.0,145191.0,142649.0,12950.0,12077.0,11865.0,0
85000.0,1,2,1,48,-1,-1,0,73993.0,74294.0,69696.0,20867.0,20951.0,19655.0,0
80000.0,2,2,2,54,2,-1,0,44090.0,36419.0,35733.0,4468.0,3690.0,3621.0,0
50000.0,1,1,1,44,-1,0,-1,44931.0,46582.0,42525.0,5916.0,6133.0,5599.0,0
830000.0,2,1,1,21,2,1,1,506941.0,431894.0,385882.0,32412.0,27613.0,24672.0,0
105000.0,2,2,2,58,0,-1,3,45046.0,44701.0,43567.0,5966.0,5920.0,5770.0,0
125000.0,1,1,1,36,0,1,2,20697.0,18200.0,17044.0,2201.0,1935.0,1812.0,1
155000.0,2,2,2,62,3,1,0,62553.0,56482.0,54569.0,14018.0,12657.0,12229.0,1
55000.0,1,2,1,59,1,1,1,59180.0,61511.0,62111.0,16205.0,16844.0,17008.0,1
150000.0,2,2,2,50,3,0,-1,180000.0,183457.0,162403.0,7684.0,7832.0,6933.0,1
140000.0,2,2,2,28,3,-1,-1,59806.0,53372.0,55005.0,2583.0,2305.0,2375.0,1
155000.0,2,3,2,62,0,-1,-1,47692.0,42532.0,35149.0,6099.0,5439.0,4495.0,0
485000.0,2,1,2,27,0,-1,0,248237.0,227642.0,206817.0,49967.0,45822.0,41630.0,0
165000.0,2,2,2,61,1,0,2,26996.0,23970.0,24856.0,3288.0,2919.0,3027.0,0
225000.0,1,2,1,24,2,0,-1,178826.0,165254.0,141739.0,31697.0,29292.0,25123.0,1
255000.0,2,1,3,28,-1,0,1,214698.0,219322.0,201412.0,54408.0,55580.0,51041.0,0
35000.0,2,1,2,23,-1,-1,0,22869.0,20527.0,16534.0,6127.0,5500.0,4430.0,0
85000.0,1,2,2,58,1,-1,0,99285.0,98428.0,93703.0,11601.0,11501.0,10949.0,1
170000.0,1,2,1,51,1,1,1,104107.0,87588.0,89344.0,13385.0,11261.0,11487.0,1
50000.0,2,2,2,50,0,3,1,26980.0,27552.0,23417.0,1804.0,1842.0,1566.0,1
260000.0,1,2,2,67,3,1,0,144694.0,135212.0,137651.0,39621.0,37025.0,37693.0,0
145000.0,2,1,1,46,1,-1,2,80853.0,80648.0,67773.0,10407.0,10381.0,8723.0,1
135000.0,1,2,1,25,-1,1,2,57950.0,57549.0,59016.0,3057.0,3035.0,3113.0,1
265000.0,2,2,3,49,-1,1,2,310134.0,319272.0,293547.0,67685.0,69679.0,64065.0,0
145000.0,2,3,2,42,3,2,-1,48901.0,47951.0,38869.0,8800.0,8629.0,6995.0,1
60000.0,2,4,2,33,1,1,1,43433.0,39619.0,34512.0,7514.0,6854.0,5971.0,1
335000.0,2,1,1,48,2,0,0,380135.0,350139.0,326570.0,54966.0,50629.0,47221.0,1
245000.0,2,1,1,56,1,1,0,241907.0,205553.0,203279.0,27180.0,23096.0,22840.0,1
280000.0,1,2,2,50,-1,3,0,254398.0,221848.0,203211.0,30195.0,26332.0,24119.0,0
95000.0,2,1,2,36,-1,1,-1,80882.0,79669.0,82051.0,20383.0,20078.0,20678.0,0
80000.0,2,1,2,46,0,0,1,65613.0,64684.0,66212.0,13394.0,13204.0,13516.0,0
35000.0,2,1,2,63,-1,0,1,18315.0,16285.0,16560.0,5231.0,4651.0,4730.0,0
85000.0,2,4,1,68,1,0,2,73338.0,66833.0,66991.0,13805.0,12580.0,12610.0,0
115000.0,1,2,2,35,1,1,0,111390.0,91614.0,78080.0,25362.0,20859.0,17777.0,0
75000.0,1,2,2,65,-1,3,0,68596.0,66802.0,59717.0,17855.0,17388.0,15543.0,0
30000.0,2,2,2,46,-1,0,0,8346.0,6709.0,6444.0,2277.0,1830.0,1758.0,0
240000.0,2,2,2,50,3,0,-1,227499.0,204893.0,205453.0,31131.0,28038.0,28115.0,1
60000.0,1,4,1,48,2,1,-1,14698.0,11944.0,9652.0,1501.0,1220.0,986.0,1
245000.0,1,2,2,55,2,0,2,48923.0,41010.0,36819.0,13071.0,10957.0,9837.0,0
170000.0,2,1,2,65,0,1,-1,171599.0,142934.0,121500.0,46730.0,38924.0,33087.0,1
60000.0,2,1,2,64,-1,2,-1,13799.0,14173.0,12113.0,535.0,550.0,470.0,0
80000.0,1,2,2,43,1,0,0,27466.0,22771.0,18744.0,2030.0,1683.0,1385.0,0
70000.0,1,3,2,53,1,1,0,12606.0,10991.0,9502.0,1837.0,1602.0,1385.0,1
145000.0,2,4,2,31,-1,1,-1,68022.0,71090.0,57880.0,2634.0,2753.0,2241.0,0
200000.0,1,1,2,21,1,-1,3,33244.0,27140.0,22200.0,2310.0,1886.0,1543.0,0
50000.0,1,4,2,30,3,0,1,48260.0,49610.0,48458.0,8556.0,8795.0,8591.0,1
110000.0,1,2,1,39,1,3,2,36367.0,35943.0,32676.0,2301.0,2274.0,2068.0,1
165000.0,2,1,2,49,-1,0,-1,91051.0,84461.0,72474.0,23333.0,21644.0,18572.0,0
240000.0,2,1,2,38,0,2,1,32795.0,30147.0,30971.0,2894.0,2660.0,2733.0,0
260000.0,1,3,2,35,0,3,1,133963.0,139517.0,144484.0,22551.0,23486.0,24322.0,1
60000.0,1,2,2,61,0,0,0,26893.0,23878.0,20267.0,2262.0,2008.0,1705.0,0
220000.0,2,2,1,67,2,1,-1,154513.0,139060.0,126559.0,18207.0,16386.0,14913.0,1
270000.0,2,2,2,58,0,1,0,226687.0,203685.0,184917.0,54955.0,49378.0,44828.0,0
125000.0,2,1,2,69,0,-1,-1,20743.0,20174.0,19259.0,2957.0,2876.0,2746.0,0
105000.0,1,1,1,46,-1,2,3,24705.0,25737.0,26241.0,2712.0,2825.0,2880.0,1
90000.0,1,3,1,30,1,0,1,53386.0,51156.0,42056.0,14209.0,13615.0,11193.0,1
230000.0,2,2,2,50,0,2,-1,179182.0,159403.0,134878.0,27626.0,24576.0,20795.0,1
75000.0,1,2,1,58,0,0,3,84394.0,76593.0,77101.0,7666.0,6957.0,7004.0,1
150000.0,2,3,2,48,2,-1,1,104196.0,99875.0,89144.0,28638.0,27451.0,24501.0,0
60000.0,1,1,1,50,-1,1,1,42614.0,35317.0,31452.0,5034.0,4172.0,3715.0,0
20000.0,2,2,3,27,3,0,2,23230.0,24111.0,22822.0,1856.0,1926.0,1823.0,1
145000.0,2,2,2,38,1,2,1,145086.0,137970.0,111630.0,31087.0,29563.0,23919.0,1
105000.0,2,1,2,47,1,-1,1,62798.0,50806.0,45430.0,11729.0,9489.0,8485.0,1
40000.0,2,3,1,28,-1,-1,2,12268.0,10898.0,8876.0,2114.0,1878.0,1529.0,0
95000.0,2,2,1,59,-1,0,-1,86409.0,76243.0,70077.0,6408.0,5654.0,5197.0,0
805000.0,2,1,1,61,1,1,0,376836.0,308430.0,321759.0,66944.0,54792.0,57160.0,0
5000.0,2,1,2,45,-1,2,2,2365.0,2123.0,1846.0,580.0,521.0,453.0,1
180000.0,2,1,2,68,1,1,0,196859.0,169818.0,150821.0,56446.0,48693.0,43246.0,0
110000.0,1,2,2,51,1,1,0,72463.0,72635.0,63801.0,17889.0,17932.0,15751.0,1
265000.0,1,1,1,27,-1,0,3,36548.0,36554.0,32224.0,4949.0,4950.0,4363.0,0
145000.0,1,2,2,33,-1,0,-1,75618.0,77380.0,68254.0,21164.0,21657.0,19103.0,0
130000.0,1,2,1,63,1,-1,-1,41713.0,40291.0,35073.0,5873.0,5673.0,4938.0,0
225000.0,2,1,2,28,1,-1,0,215740.0,220219.0,205716.0,25347.0,25873.0,24169.0,1
335000.0,1,1,1,34,1,2,0,397812.0,403261.0,361941.0,69466.0,70417.0,63202.0,0
30000.0,2,3,2,22,-1,0,1,27455.0,27472.0,26675.0,2402.0,2404.0,2334.0,0
270000.0,2,3,1,33,-1,1,-1,102124.0,83881.0,68066.0,5694.0,4676.0,3795.0,0
105000.0,2,2,2,38,0,1,1,102749.0,101822.0,84250.0,11654.0,11548.0,9555.0,1
85000.0,2,3,1,28,2,1,0,95846.0,90463.0,81394.0,14862.0,14027.0,12621.0,1
100000.0,2,2,2,62,-1,0,0,28367.0,27498.0,26600.0,5108.0,4952.0,4790.0,0
60000.0,1,2,2,45,0,1,-1,68923.0,56974.0,56213.0,10864.0,8981.0,8861.0,1
120000.0,2,4,2,35,1,-1,0,47974.0,42291.0,37680.0,7980.0,7035.0,6268.0,0
455000.0,1,1,2,27,1,3,2,216634.0,193828.0,157423.0,50289.0,44995.0,36544.0,1
165000.0,1,2,2,30,0,2,0,74961.0,69003.0,65091.0,3319.0,3056.0,2882.0,1
140000.0,2,1,1,45,-1,1,-1,105781.0,88806.0,77235.0,31151.0,26152.0,22744.0,0
80000.0,2,2,1,37,0,1,0,48291.0,47076.0,39514.0,12537.0,12222.0,10259.0,0
270000.0,1,3,3,29,0,1,0,94800.0,89734.0,90767.0,12132.0,11483.0,11616.0,0
70000.0,1,4,1,68,0,2,0,33617.0,35067.0,32083.0,4354.0,4542.0,4156.0,1
90000.0,2,1,3,65,1,1,0,44507.0,39539.0,38283.0,9091.0,8076.0,7820.0,1
70000.0,1,2,3,62,1,-1,0,80430.0,75917.0,61470.0,12146.0,11465.0,9283.0,1
50000.0,2,2,1,23,0,-1,0,52098.0,49035.0,41264.0,8367.0,7875.0,6627.0,0
60000.0,1,2,1,38,-1,-1,-1,61703.0,52504.0,42370.0,3299.0,2807.0,2265.0,0
70000.0,2,2,1,24,0,2,0,61448.0,57661.0,56552.0,10811.0,10145.0,9949.0,1
105000.0,1,1,1,32,1,3,2,82544.0,86021.0,86650.0,20606.0,21474.0,21631.0,0
85000.0,2,3,1,52,1,1,3,86071.0,69179.0,67530.0,22485.0,18072.0,17641.0,1
300000.0,1,2,1,46,1,1,-1,276221.0,289900.0,270954.0,73420.0,77056.0,72020.0,0
45000.0,1,1,1,48,0,0,-1,36915.0,29713.0,25296.0,8918.0,7178.0,6111.0,1
105000.0,2,2,2,51,-1,1,3,98185.0,89892.0,80315.0,9679.0,8861.0,7917.0,1
620000.0,1,1,1,25,2,2,1,324058.0,264141.0,217576.0,46346.0,37777.0,31117.0,0
125000.0,2,1,2,31,-1,1,1,70013.0,72351.0,72516.0,5774.0,5967.0,5980.0,0
80000.0,2,1,2,51,2,1,-1,83092.0,81953.0,65849.0,23898.0,23571.0,18939.0,1
185000.0,1,4,1,21,2,0,0,183616.0,179102.0,180232.0,22957.0,22393.0,22534.0,1
20000.0,1,2,2,31,-1,0,1,20794.0,17762.0,14974.0,2417.0,2065.0,1741.0,1
125000.0,2,4,2,60,1,-1,2,150000.0,141621.0,118078.0,20162.0,19036.0,15871.0,1
55000.0,2,2,2,28,-1,0,-1,40952.0,40799.0,41562.0,11824.0,11780.0,12000.0,0
80000.0,1,1,2,57,1,-1,1,49901.0,44010.0,44840.0,12901.0,11378.0,11593.0,1
130000.0,2,1,2,27,1,1,0,34772.0,31361.0,31611.0,1524.0,1374.0,1385.0,1
30000.0,2,2,1,50,-1,0,1,10559.0,10085.0,9031.0,1244.0,1188.0,1064.0,0
140000.0,2,1,1,61,3,-1,0,48048.0,46480.0,46627.0,7546.0,7299.0,7323.0,0
90000.0,1,3,2,63,3,-1,-1,41545.0,43011.0,45062.0,6042.0,6255.0,6554.0,1
100000.0,2,1,1,42,-1,-1,-1,87456.0,70288.0,70781.0,21556.0,17324.0,17446.0,0
50000.0,2,2,1,23,0,0,1,13734.0,11970.0,11839.0,1729.0,1507.0,1491.0,0
125000.0,1,1,2,69,1,0,1,131816.0,109236.0,98280.0,31015.0,25702.0,23124.0,0
70000.0,1,2,1,53,0,-1,-1,32940.0,31003.0,26329.0,4360.0,4103.0,3485.0,0
195000.0,2,2,2,32,0,0,2,212229.0,187953.0,153178.0,61215.0,54213.0,44183.0,1
455000.0,2,3,2,48,3,-1,0,482432.0,447298.0,411417.0,61158.0,56704.0,52155.0,0
270000.0,2,4,1,36,1,1,-1,136048.0,139005.0,122244.0,10892.0,11128.0,9786.0,0
60000.0,2,3,1,39,0,2,-1,63122.0,65480.0,66288.0,9337.0,9685.0,9805.0,1
70000.0,2,2,1,56,2,0,-1,55988.0,51475.0,46795.0,7566.0,6956.0,6324.0,1
270000.0,2,2,2,53,2,-1,0,58378.0,56047.0,57505.0,14091.0,13528.0,13880.0,0
125000.0,2,2,1,41,0,1,1,89730.0,78917.0,76370.0,21870.0,19235.0,18614.0,1
205000.0,1,1,2,21,0,0,0,195260.0,172628.0,173280.0,40050.0,35408.0,35542.0,0
130000.0,2,2,2,48,1,0,1,52270.0,48548.0,41253.0,2918.0,2710.0,2303.0,1
280000.0,1,1,2,29,2,1,-1,143308.0,146304.0,137577.0,10788.0,11013.0,10357.0,1
115000.0,1,2,2,58,-1,1,-1,27766.0,23214.0,21047.0,2633.0,2201.0,1996.0,0
185000.0,1,2,1,52,3,2,-1,213195.0,198261.0,186397.0,9703.0,9023.0,8483.0,1
125000.0,2,4,2,61,1,-1,0,81768.0,67639.0,60328.0,19726.0,16317.0,14554.0,0
75000.0,2,1,2,39,-1,1,3,74365.0,62677.0,58604.0,20207.0,17031.0,15925.0,0
35000.0,1,1,1,55,0,1,1,30672.0,28964.0,27594.0,7741.0,7310.0,6964.0,1
70000.0,2,1,1,25,3,0,3,11380.0,10077.0,8828.0,2255.0,1997.0,1749.0,1
155000.0,2,2,2,31,0,1,-1,87702.0,78278.0,77051.0,9453.0,8437.0,8305.0,1
135000.0,2,1,2,23,0,-1,1,93667.0,79637.0,81737.0,5393.0,4585.0,4706.0,0
75000.0,2,1,2,65,1,-1,0,35569.0,36425.0,36670.0,7278.0,7453.0,7503.0,0
365000.0,2,1,2,30,1,0,1,315485.0,296449.0,242671.0,88280.0,82953.0,67905.0,1
325000.0,2,2,2,51,1,0,-1,248628.0,220002.0,189131.0,73133.0,64712.0,55632.0,1
25000.0,1,2,2,55,1,-1,2,17735.0,17861.0,15250.0,3611.0,3637.0,3105.0,1
25000.0,1,3,1,68,3,1,-1,30000.0,25714.0,23164.0,5242.0,4493.0,4048.0,1
230000.0,2,1,1,33,1,1,1,245808.0,238139.0,232090.0,61255.0,59344.0,57836.0,1
355000.0,2,1,2,69,-1,1,3,89415.0,82832.0,85259.0,25427.0,23555.0,24245.0,0
550000.0,2,2,1,35,1,0,2,382225.0,346788.0,321330.0,27620.0,25059.0,23219.0,0
25000.0,1,1,2,57,0,1,1,17087.0,14466.0,15024.0,2120.0,1795.0,1864.0,1
275000.0,1,2,1,21,3,1,2,72058.0,62218.0,61570.0,16773.0,14483.0,14332.0,1
280000.0,2,1,2,42,2,2,0,112353.0,117551.0,120649.0,14259.0,14919.0,15312.0,0
160000.0,2,3,2,47,0,-1,-1,158906.0,163268.0,149806.0,29343.0,30148.0,27663.0,0
105000.0,2,3,2,24,0,0,3,64693.0,57562.0,57988.0,18794.0,16723.0,16846.0,0
205000.0,1,3,2,64,1,1,0,227908.0,185532.0,193293.0,48778.0,39709.0,41370.0,1
85000.0,2,3,2,49,-1,0,0,44869.0,43669.0,37943.0,6360.0,6190.0,5378.0,0
40000.0,1,1,2,41,-1,-1,-1,40348.0,36181.0,34979.0,4471.0,4009.0,3876.0,0
65000.0,2,1,1,39,0,1,1,48287.0,49449.0,45375.0,7703.0,7888.0,7239.0,1
40000.0,1,2,1,50,1,3,0,44053.0,45550.0,43370.0,9460.0,9781.0,9313.0,0
75000.0,2,1,2,60,0,0,1,67603.0,63937.0,66446.0,12072.0,11417.0,11865.0,1
125000.0,2,1,1,66,-1,1,3,55260.0,44765.0,37810.0,4071.0,3298.0,2786.0,1
255000.0,2,2,2,40,0,1,0,200519.0,176315.0,164368.0,9120.0,8019.0,7476.0,0
255000.0,2,1,1,58,0,1,-1,105740.0,99461.0,94706.0,12909.0,12142.0,11562.0,0
120000.0,2,1,2,64,-1,-1,-1,90783.0,87352.0,89984.0,21123.0,20325.0,20938.0,0
335000.0,2,3,2,35,-1,0,2,367213.0,339777.0,312586.0,75398.0,69765.0,64182.0,0
50000.0,1,2,1,56,1,0,1,13860.0,11799.0,10035.0,1691.0,1439.0,1224.0,0
70000.0,2,1,2,58,-1,-1,1,29778.0,27517.0,27568.0,3690.0,3410.0,3417.0,0
145000.0,1,4,1,47,-1,1,3,42744.0,42545.0,37385.0,9889.0,9843.0,8649.0,1
260000.0,1,1,3,31,0,0,0,253463.0,229770.0,205478.0,57740.0,52343.0,46809.0,0
70000.0,2,1,1,61,2,0,0,60278.0,60071.0,55858.0,14280.0,14231.0,13233.0,1
165000.0,1,1,1,63,1,2,0,187884.0,183997.0,168912.0,13969.0,13680.0,12558.0,0
125000.0,2,3,3,35,1,2,2,75419.0,60660.0,53426.0,4308.0,3465.0,3052.0,1
75000.0,2,2,1,32,0,1,3,55729.0,47604.0,41817.0,7810.0,6671.0,5860.0,1
55000.0,1,2,1,34,1,0,0,47534.0,41395.0,40382.0,9728.0,8471.0,8264.0,0
145000.0,1,2,1,32,1,0,-1,24640.0,25676.0,25062.0,3535.0,3683.0,3595.0,0
85000.0,2,1,1,36,1,0,0,37332.0,37230.0,34812.0,5761.0,5746.0,5372.0,0
60000.0,1,1,3,29,3,0,3,25640.0,22266.0,19257.0,1398.0,1214.0,1050.0,0
310000.0,1,2,2,52,0,-1,-1,182180.0,182211.0,160054.0,53051.0,53060.0,46608.0,0
60000.0,1,2,2,44,0,1,1,48127.0,41343.0,43066.0,10035.0,8620.0,8980.0,0
80000.0,1,2,1,26,0,-1,0,16065.0,15572.0,14643.0,1354.0,1312.0,1234.0,0
65000.0,2,1,1,21,-1,-1,2,24683.0,25545.0,23300.0,2103.0,2176.0,1985.0,0
185000.0,2,2,2,38,0,1,-1,217399.0,200384.0,169223.0,25329.0,23346.0,19716.0,0
130000.0,2,2,1,52,0,1,0,155897.0,160941.0,151895.0,21434.0,22127.0,20883.0,1
35000.0,1,1,2,68,3,-1,-1,27991.0,25457.0,21020.0,3339.0,3037.0,2508.0,1
80000.0,1,2,2,30,0,0,-1,63405.0,63671.0,55432.0,15911.0,15978.0,13911.0,0
30000.0,1,2,2,25,-1,1,-1,16699.0,14096.0,11891.0,3491.0,2947.0,2486.0,1
300000.0,1,3,2,67,0,0,0,128844.0,108691.0,89930.0,28814.0,24307.0,20111.0,0
95000.0,1,2,2,28,0,1,0,34141.0,34200.0,28838.0,1545.0,1548.0,1305.0,0
55000.0,1,1,1,53,-1,2,2,60391.0,51428.0,45987.0,2799.0,2384.0,2132.0,0
175000.0,1,2,1,48,0,0,1,90743.0,92499.0,96708.0,24836.0,25317.0,26469.0,0
65000.0,2,2,1,32,3,0,2,48285.0,41304.0,39136.0,9919.0,8485.0,8039.0,1
110000.0,1,2,2,31,-1,0,2,121020.0,124514.0,120235.0,12688.0,13054.0,12605.0,1
150000.0,1,2,2,68,0,0,1,138931.0,133892.0,119920.0,28041.0,27024.0,24204.0,0
155000.0,2,3,2,51,0,0,0,134732.0,124338.0,112307.0,39391.0,36352.0,32835.0,0
170000.0,1,2,3,61,0,3,1,26913.0,23673.0,19663.0,3196.0,2811.0,2335.0,1
35000.0,2,1,1,44,0,0,-1,7378.0,7132.0,5892.0,1865.0,1803.0,1490.0,0
100000.0,2,1,1,65,0,1,3,23761.0,24126.0,20935.0,5572.0,5658.0,4909.0,0
190000.0,1,2,1,52,1,-1,-1,227161.0,224348.0,187990.0,46076.0,45505.0,38131.0,1
115000.0,2,1,2,51,-1,1,2,40760.0,36320.0,34515.0,7697.0,6859.0,6518.0,0
40000.0,2,2,1,59,-1,2,2,24345.0,24032.0,21325.0,5143.0,5076.0,4505.0,0
140000.0,2,1,2,64,3,-1,1,62297.0,60270.0,57938.0,8144.0,7879.0,7574.0,1
140000.0,2,3,2,48,0,3,1,147959.0,127464.0,102331.0,41960.0,36148.0,29020.0,1
65000.0,2,1,1,45,0,-1,-1,16659.0,13966.0,11201.0,822.0,689.0,552.0,0
675000.0,2,1,2,68,-1,0,0,146420.0,125307.0,107584.0,21018.0,17988.0,15443.0,0
100000.0,1,1,2,46,3,-1,0,88300.0,84594.0,72682.0,4311.0,4130.0,3548.0,1
165000.0,1,3,1,32,1,2,0,80932.0,66929.0,70167.0,17353.0,14350.0,15045.0,1
145000.0,1,3,2,68,-1,2,-1,69967.0,62308.0,64396.0,5877.0,5234.0,5409.0,0
175000.0,1,2,2,44,-1,-1,-1,147687.0,137289.0,130199.0,17841.0,16585.0,15728.0,0
85000.0,1,2,1,29,-1,-1,-1,98154.0,82543.0,80656.0,17051.0,14339.0,14012.0,0
45000.0,1,1,2,61,-1,-1,0,6174.0,5853.0,5288.0,1676.0,1589.0,1436.0,0
140000.0,1,3,2,48,1,2,-1,19339.0,19369.0,15700.0,5590.0,5599.0,4538.0,0
105000.0,2,2,2,66,0,1,0,41409.0,37426.0,31031.0,11656.0,10535.0,8735.0,1
230000.0,2,2,2,44,-1,1,1,265094.0,246943.0,241218.0,34172.0,31832.0,31094.0,0
50000.0,1,1,2,45,0,1,3,18172.0,18055.0,15632.0,1173.0,1166.0,1009.0,1
50000.0,2,2,1,35,1,-1,2,49718.0,41538.0,41139.0,3354.0,2802.0,2775.0,1
115000.0,2,2,2,65,1,1,0,21276.0,18584.0,15482.0,3978.0,3475.0,2895.0,1
225000.0,2,3,2,34,0,2,2,228793.0,201305.0,195662.0,23991.0,21109.0,20517.0,1
45000.0,1,1,2,28,1,2,1,48278.0,50188.0,42570.0,9322.0,9691.0,8220.0,1
935000.0,2,4,2,42,0,0,0,259778.0,272345.0,252627.0,67594.0,70864.0,65733.0,0
70000.0,1,2,1,44,2,-1,1,28410.0,28674.0,23959.0,2254.0,2275.0,1901.0,1
85000.0,2,2,2,45,2,1,1,102000.0,97987.0,82219.0,12847.0,12342.0,10356.0,1
135000.0,2,2,1,49,-1,3,0,151748.0,129907.0,108411.0,44921.0,38455.0,32092.0,0
25000.0,2,2,3,35,1,0,2,13235.0,12545.0,11048.0,2233.0,2117.0,1864.0,1
60000.0,1,2,2,46,-1,3,1,59430.0,55497.0,51538.0,14955.0,13965.0,12969.0,0
100000.0,1,1,2,59,2,2,1,66404.0,68555.0,68966.0,11821.0,12204.0,12277.0,1
55000.0,2,1,2,44,2,0,3,46610.0,40148.0,37115.0,3880.0,3342.0,3090.0,1
65000.0,1,2,2,32,0,0,3,56046.0,51279.0,43963.0,14430.0,13203.0,11319.0,1
280000.0,2,3,1,44,2,0,3,199866.0,174891.0,175467.0,36175.0,31655.0,31759.0,1
40000.0,2,2,2,62,1,-1,-1,41593.0,42032.0,33661.0,4819.0,4870.0,3900.0,0
140000.0,2,2,1,25,1,-1,1,82691.0,68853.0,69453.0,9887.0,8233.0,8304.0,1
160000.0,1,2,2,33,-1,1,1,151281.0,137980.0,117509.0,23009.0,20986.0,17873.0,0
75000.0,1,2,1,50,2,0,-1,33305.0,32085.0,29285.0,4794.0,4618.0,4215.0,1
30000.0,1,1,2,50,0,3,-1,29146.0,26000.0,25769.0,1391.0,1241.0,1230.0,1
65000.0,1,3,2,49,0,-1,1,24802.0,25484.0,20937.0,4134.0,4248.0,3490.0,1
35000.0,1,2,1,38,0,3,0,27632.0,24576.0,24629.0,8059.0,7168.0,7183.0,1
115000.0,2,1,1,36,0,0,1,50049.0,43424.0,40369.0,7822.0,6786.0,6309.0,1
150000.0,1,2,1,63,-1,1,0,177514.0,153991.0,136614.0,10409.0,9030.0,8011.0,0
55000.0,2,1,1,55,0,3,0,42954.0,44736.0,40480.0,9452.0,9845.0,8908.0,1
120000.0,1,3,1,44,0,0,-1,50369.0,42054.0,35785.0,5881.0,4910.0,4178.0,1
110000.0,2,2,2,59,1,1,3,98357.0,84702.0,87055.0,14504.0,12491.0,12838.0,1
175000.0,2,1,2,56,1,0,1,176093.0,182685.0,189269.0,16674.0,17298.0,17921.0,0
105000.0,1,3,1,32,0,0,1,44865.0,39149.0,39358.0,10780.0,9406.0,9457.0,0
190000.0,2,2,1,47,3,1,1,61471.0,63134.0,55239.0,14546.0,14940.0,13071.0,1
40000.0,2,2,1,29,2,3,-1,32049.0,28958.0,30109.0,4252.0,3842.0,3995.0,1
200000.0,2,2,1,58,1,-1,1,61828.0,64254.0,64526.0,14356.0,14920.0,14983.0,0
70000.0,2,2,2,41,-1,0,0,77648.0,70536.0,64468.0,10801.0,9812.0,8968.0,0
90000.0,1,1,2,53,1,-1,-1,103106.0,95491.0,84249.0,25452.0,23572.0,20797.0,0
115000.0,2,2,1,26,0,-1,1,33468.0,31225.0,26296.0,2406.0,2244.0,1890.0,0
165000.0,1,2,1,69,0,-1,-1,143387.0,123327.0,119142.0,34726.0,29868.0,28854.0,0
85000.0,2,2,2,51,0,1,1,81810.0,78056.0,64733.0,10856.0,10358.0,8590.0,1
25000.0,2,2,1,50,0,0,3,16588.0,16198.0,15169.0,2436.0,2378.0,2227.0,0
630000.0,2,3,1,49,1,-1,1,517010.0,494891.0,400954.0,151226.0,144757.0,117280.0,0
85000.0,2,1,2,44,1,0,0,90815.0,94380.0,94888.0,9861.0,10248.0,10303.0,0
55000.0,2,2,2,59,0,1,-1,18323.0,19035.0,19486.0,3072.0,3191.0,3267.0,0
70000.0,1,1,2,25,1,1,1,10548.0,9840.0,8171.0,1396.0,1302.0,1081.0,1
220000.0,1,4,2,25,0,-1,-1,106733.0,91031.0,73200.0,31003.0,26442.0,21263.0,0
125000.0,2,1,1,48,0,1,3,127344.0,108431.0,95518.0,11440.0,9741.0,8581.0,1
235000.0,2,2,1,37,0,2,1,75379.0,67465.0,66379.0,8885.0,7953.0,7825.0,1
145000.0,2,3,1,24,0,0,1,73172.0,67248.0,59914.0,17312.0,15910.0,14175.0,0
280000.0,1,3,1,56,2,0,2,168330.0,176190.0,144378.0,32156.0,33658.0,27581.0,0
85000.0,1,1,2,45,1,-1,-1,50251.0,51332.0,50564.0,2666.0,2724.0,2683.0,1
50000.0,2,2,2,34,2,0,2,29894.0,30758.0,30861.0,4061.0,4178.0,4192.0,1
190000.0,1,2,1,32,0,1,1,106906.0,105794.0,101931.0,12559.0,12428.0,11974.0,1
155000.0,1,1,1,64,-1,-1,-1,169225.0,138839.0,114502.0,24355.0,19982.0,16479.0,0
85000.0,1,1,2,67,1,1,-1,68854.0,70828.0,58152.0,12206.0,12556.0,10309.0,0
100000.0,2,3,2,39,2,2,2,77412.0,62927.0,63439.0,6796.0,5525.0,5569.0,1
25000.0,2,3,1,27,0,1,3,6356.0,6492.0,5868.0,701.0,716.0,647.0,1
70000.0,2,1,1,69,1,-1,1,56524.0,51010.0,51897.0,8548.0,7714.0,7849.0,0
60000.0,1,2,2,31,1,2,-1,21832.0,18872.0,18489.0,5864.0,5069.0,4966.0,1
75000.0,1,1,2,69,0,-1,-1,30115.0,25385.0,22351.0,5680.0,4788.0,4215.0,0
105000.0,2,2,2,26,-1,1,0,48815.0,47185.0,49032.0,2196.0,2123.0,2206.0,0
125000.0,2,1,2,48,0,0,0,130003.0,130327.0,114403.0,29009.0,29082.0,25528.0,0
25000.0,2,2,2,54,-1,-1,1,29584.0,24192.0,24353.0,4543.0,3715.0,3740.0,0
260000.0,1,1,3,53,-1,1,3,66416.0,61224.0,49491.0,2725.0,2512.0,2030.0,0
70000.0,1,1,2,34,0,1,0,47845.0,40771.0,38682.0,11739.0,10003.0,9491.0,0
185000.0,2,2,1,40,-1,2,2,96588.0,87652.0,85688.0,19135.0,17365.0,16975.0,0
75000.0,2,2,2,59,0,0,3,71304.0,57281.0,55486.0,12368.0,9935.0,9624.0,1
425000.0,2,1,2,37,3,0,-1,396837.0,416222.0,404795.0,96669.0,101391.0,98608.0,0
220000.0,2,2,2,26,-1,1,1,154220.0,161217.0,162367.0,23711.0,24787.0,24964.0,0
135000.0,1,2,1,56,0,3,0,23561.0,22139.0,21034.0,4591.0,4314.0,4099.0,0
340000.0,2,2,2,44,0,-1,1,374011.0,386037.0,331957.0,67517.0,69688.0,59925.0,1
90000.0,1,1,2,31,-1,3,2,69474.0,58606.0,54897.0,5592.0,4717.0,4419.0,0
275000.0,1,4,2,53,3,-1,0,217571.0,204193.0,189895.0,41076.0,38551.0,35851.0,1
255000.0,1,3,2,56,-1,0,0,301855.0,302866.0,287290.0,73650.0,73897.0,70096.0,1
335000.0,2,2,1,57,0,0,1,59189.0,62146.0,62273.0,9796.0,10285.0,10306.0,0
70000.0,2,2,1,26,0,3,-1,55143.0,54114.0,43963.0,13575.0,13322.0,10823.0,1
95000.0,2,2,1,26,0,0,0,37598.0,30654.0,29209.0,8444.0,6885.0,6560.0,0
65000.0,2,2,1,48,-1,2,0,16411.0,14291.0,11597.0,4358.0,3795.0,3080.0,0
245000.0,2,3,2,44,0,0,1,276020.0,281295.0,253073.0,19902.0,20283.0,18248.0,0
55000.0,2,1,2,56,-1,0,1,32276.0,33426.0,31326.0,4990.0,5168.0,4843.0,0
50000.0,2,1,1,49,0,-1,0,28813.0,25312.0,26029.0,3293.0,2893.0,2975.0,0
150000.0,2,1,1,58,3,-1,0,35018.0,28264.0,23852.0,6402.0,5167.0,4361.0,0
90000.0,2,3,2,67,1,1,2,99428.0,79876.0,69865.0,18923.0,15202.0,13296.0,1
935000.0,2,2,1,56,1,0,0,514870.0,446407.0,414442.0,141956.0,123080.0,114267.0,0
55000.0,2,3,1,27,1,-1,-1,53361.0,48309.0,50495.0,5887.0,5330.0,5571.0,1
35000.0,2,2,2,54,1,2,1,40252.0,32211.0,33078.0,4971.0,3978.0,4085.0,0
50000.0,1,4,2,25,0,3,0,34765.0,33487.0,31572.0,2287.0,2202.0,2077.0,1
40000.0,1,4,1,39,-1,0,-1,9253.0,9262.0,7771.0,2579.0,2582.0,2166.0,0
90000.0,1,4,2,64,-1,0,0,38525.0,33239.0,31678.0,10718.0,9247.0,8813.0,0
70000.0,1,1,1,55,-1,2,0,48803.0,43664.0,36544.0,1870.0,1673.0,1401.0,0
160000.0,2,2,2,38,1,0,1,124429.0,126228.0,127885.0,22471.0,22796.0,23095.0,1
190000.0,2,1,1,26,0,0,2,182406.0,167086.0,162313.0,16079.0,14729.0,14308.0,1
80000.0,1,1,1,28,0,2,2,26703.0,22546.0,20545.0,6376.0,5383.0,4905.0,0
290000.0,1,2,1,36,-1,2,1,264010.0,237919.0,208973.0,32790.0,29549.0,25954.0,1
50000.0,1,1,3,45,2,0,0,14983.0,13498.0,13926.0,4277.0,3853.0,3975.0,1
75000.0,2,2,1,50,3,1,2,58894.0,48626.0,41340.0,10111.0,8348.0,7097.0,1
100000.0,1,2,2,55,1,3,-1,111350.0,111467.0,90516.0,20542.0,20563.0,16698.0,1
75000.0,2,2,1,57,3,1,2,66725.0,54963.0,51780.0,8952.0,7374.0,6947.0,1
25000.0,2,2,2,44,1,-1,3,19003.0,18300.0,17896.0,2892.0,2785.0,2723.0,1
115000.0,1,1,2,49,1,-1,3,131591.0,135228.0,108777.0,18283.0,18788.0,15113.0,0
195000.0,1,2,1,38,0,2,-1,82133.0,85151.0,78199.0,22003.0,22811.0,20949.0,0
250000.0,2,2,1,59,3,-1,0,205016.0,207212.0,210946.0,27267.0,27559.0,28055.0,1
65000.0,2,3,1,54,0,1,-1,20282.0,19226.0,19262.0,4333.0,4108.0,4115.0,0
255000.0,2,1,2,49,-1,3,0,93480.0,79854.0,83369.0,8362.0,7143.0,7458.0,1
140000.0,1,2,2,33,-1,0,1,123078.0,106216.0,96503.0,24746.0,21356.0,19403.0,0
130000.0,1,1,1,46,-1,0,0,68221.0,68345.0,65136.0,16419.0,16449.0,15676.0,0
320000.0,2,1,1,31,0,1,3,310002.0,325140.0,319224.0,46736.0,49018.0,48126.0,1
25000.0,1,2,3,37,0,0,1,28676.0,25589.0,23090.0,7531.0,6720.0,6064.0,0
150000.0,2,1,2,54,1,2,0,67901.0,54762.0,52268.0,7126.0,5747.0,5486.0,1
55000.0,1,1,2,38,0,3,-1,55387.0,45747.0,42314.0,9414.0,7775.0,7192.0,1
400000.0,1,2,2,45,0,1,1,209005.0,197192.0,161275.0,52627.0,49653.0,40609.0,0
60000.0,2,2,1,21,0,1,2,52370.0,50109.0,43738.0,14110.0,13500.0,11784.0,1
55000.0,1,2,2,49,-1,1,1,58905.0,55472.0,52681.0,11054.0,10410.0,9886.0,0
100000.0,2,3,1,34,0,0,-1,110444.0,91186.0,82405.0,19705.0,16269.0,14703.0,0
35000.0,1,1,3,30,0,1,0,39341.0,37599.0,37984.0,3583.0,3424.0,3459.0,0
50000.0,2,2,2,47,0,-1,-1,52876.0,49328.0,47298.0,8345.0,7785.0,7465.0,0
140000.0,2,2,2,68,1,0,1,149001.0,126140.0,114445.0,41697.0,35300.0,32027.0,1
165000.0,1,1,2,32,0,2,-1,104558.0,101004.0,104316.0,30460.0,29425.0,30390.0,1
100000.0,2,2,2,43,3,1,1,35371.0,32038.0,33453.0,8732.0,7909.0,8259.0,1
185000.0,2,2,1,34,0,0,1,29279.0,29374.0,26318.0,8148.0,8174.0,7324.0,0
85000.0,1,2,2,54,1,-1,-1,46168.0,38578.0,30938.0,10701.0,8942.0,7171.0,0
110000.0,2,1,2,26,2,-1,1,28662.0,28013.0,23094.0,3913.0,3825.0,3153.0,1
95000.0,2,1,2,66,2,2,-1,20454.0,20424.0,16856.0,4460.0,4454.0,3676.0,1
180000.0,2,1,1,52,-1,1,2,208925.0,204718.0,170303.0,21085.0,20661.0,17187.0,1
65000.0,2,2,2,67,0,-1,0,46458.0,44803.0,45433.0,13223.0,12752.0,12931.0,1
65000.0,2,1,2,29,2,1,1,76235.0,72963.0,65609.0,13380.0,12806.0,11515.0,1
60000.0,1,3,2,21,1,-1,0,27231.0,28519.0,23158.0,5782.0,6055.0,4917.0,1
25000.0,1,2,2,48,0,-1,0,7534.0,6844.0,5548.0,1982.0,1801.0,1460.0,1
65000.0,2,2,1,29,1,0,0,11106.0,8990.0,9426.0,993.0,804.0,843.0,1
60000.0,1,2,2,24,0,0,1,52278.0,43778.0,40022.0,11676.0,9777.0,8939.0,1
180000.0,1,2,2,51,0,1,3,135230.0,135226.0,141380.0,32370.0,32369.0,33842.0,0
90000.0,2,2,1,59,1,2,0,84713.0,76953.0,67125.0,19442.0,17661.0,15405.0,1
135000.0,2,1,2,63,0,-1,1,125638.0,123771.0,123143.0,21496.0,21176.0,21069.0,0
175000.0,2,2,1,44,2,0,2,65558.0,57396.0,50235.0,17374.0,15211.0,13313.0,1
165000.0,2,1,1,22,0,0,0,28061.0,26173.0,26952.0,6944.0,6477.0,6670.0,0
80000.0,1,2,1,69,0,-1,-1,91368.0,92568.0,88603.0,5979.0,6057.0,5798.0,1
105000.0,2,2,2,31,3,-1,0,82196.0,81950.0,82925.0,20841.0,20778.0,21025.0,1
35000.0,1,2,2,37,1,1,-1,15429.0,12460.0,11845.0,2595.0,2096.0,1992.0,1
255000.0,2,1,1,60,1,2,0,233220.0,202041.0,171063.0,35380.0,30650.0,25951.0,1
610000.0,2,1,2,43,1,-1,2,481819.0,485477.0,394322.0,108630.0,109455.0,88903.0,0
75000.0,2,2,2,51,2,0,0,67087.0,57426.0,53394.0,6515.0,5577.0,5185.0,1
175000.0,1,1,3,59,1,0,-1,149172.0,129880.0,118594.0,25426.0,22138.0,20214.0,1
60000.0,2,1,2,27,0,3,2,36042.0,31382.0,28130.0,6876.0,5987.0,5366.0,1
180000.0,1,2,1,40,3,1,1,166093.0,167363.0,157017.0,16278.0,16403.0,15389.0,1
135000.0,1,2,2,24,0,1,2,158390.0,143185.0,120128.0,30207.0,27307.0,22910.0,1
330000.0,2,2,3,45,1,2,0,168268.0,140930.0,132115.0,41360.0,34640.0,32474.0,1
170000.0,1,1,3,69,0,0,0,125986.0,119692.0,106021.0,7242.0,6880.0,6094.0,0
60000.0,1,1,2,69,-1,-1,0,69952.0,67801.0,61502.0,3080.0,2985.0,2708.0,0
100000.0,1,3,1,64,1,-1,1,89016.0,73428.0,61945.0,4665.0,3848.0,3246.0,1
255000.0,2,2,2,21,-1,2,3,47399.0,40401.0,35758.0,4034.0,3439.0,3044.0,0
795000.0,2,2,2,52,1,0,0,211919.0,190684.0,161950.0,45547.0,40983.0,34807.0,0
15000.0,2,1,3,68,1,1,0,10034.0,9351.0,8113.0,2191.0,2042.0,1771.0,0
145000.0,2,1,2,52,-1,0,1,23259.0,22293.0,19926.0,6741.0,6461.0,5775.0,0
60000.0,1,1,2,50,1,-1,0,63683.0,54820.0,50730.0,15124.0,13019.0,12048.0,1
400000.0,1,1,1,65,1,-1,0,480000.0,454785.0,410035.0,22670.0,21479.0,19366.0,0
170000.0,1,3,1,23,-1,3,0,186827.0,162070.0,151493.0,8377.0,7267.0,6793.0,1
55000.0,1,4,2,57,2,-1,0,50978.0,51738.0,48688.0,11227.0,11394.0,10723.0,0
50000.0,2,3,1,43,-1,0,0,41455.0,34291.0,33218.0,4096.0,3388.0,3282.0,0
295000.0,2,2,2,64,0,3,-1,188095.0,161611.0,155688.0,34075.0,29277.0,28204.0,0
90000.0,2,2,1,30,1,0,2,27186.0,25971.0,22466.0,5747.0,5490.0,4749.0,1
170000.0,1,2,2,41,-1,0,0,118820.0,98477.0,83249.0,33090.0,27425.0,23184.0,0
40000.0,1,1,1,63,0,-1,2,15554.0,15533.0,14491.0,2005.0,2002.0,1868.0,0
65000.0,2,1,1,65,1,1,0,63103.0,52850.0,43032.0,6405.0,5365.0,4368.0,1
405000.0,1,1,1,59,-1,0,1,118417.0,124271.0,99654.0,27484.0,28843.0,23130.0,0
160000.0,1,2,1,51,-1,2,-1,130817.0,111471.0,104609.0,8596.0,7325.0,6874.0,0
65000.0,1,2,2,43,0,-1,1,38967.0,32940.0,32811.0,4091.0,3458.0,3444.0,0
75000.0,2,2,2,41,0,0,1,34801.0,31501.0,33064.0,8739.0,7911.0,8303.0,0
340000.0,2,2,2,34,0,0,3,279553.0,241664.0,239792.0,62791.0,54281.0,53860.0,1
95000.0,2,2,2,58,2,1,1,103297.0,96756.0,89173.0,10497.0,9832.0,9062.0,1
20000.0,2,1,1,68,0,-1,0,18481.0,17863.0,14496.0,3317.0,3207.0,2602.0,0
40000.0,1,2,2,65,0,-1,0,42343.0,43164.0,35838.0,11009.0,11222.0,9317.0,0
70000.0,1,4,2,54,3,1,-1,73942.0,72909.0,73087.0,8493.0,8374.0,8394.0,1
255000.0,1,1,2,63,0,1,-1,73488.0,72628.0,73736.0,5699.0,5633.0,5719.0,0
55000.0,2,1,1,55,1,-1,2,36578.0,31654.0,25927.0,5470.0,4734.0,3877.0,1
60000.0,1,2,2,28,-1,1,2,55553.0,48379.0,43376.0,6704.0,5839.0,5235.0,1
70000.0,2,2,1,42,2,3,3,18904.0,16887.0,16561.0,1599.0,1429.0,1401.0,0
170000.0,2,2,2,44,-1,1,0,160944.0,162594.0,143883.0,19214.0,19411.0,17177.0,0
130000.0,2,2,2,66,2,-1,0,63441.0,64356.0,67172.0,11693.0,11862.0,12381.0,0
205000.0,1,2,2,52,1,2,1,71251.0,72974.0,61861.0,19233.0,19699.0,16699.0,0
120000.0,2,1,2,41,0,1,3,37066.0,36630.0,29864.0,1630.0,1611.0,1313.0,1
30000.0,2,1,2,38,1,0,-1,15346.0,15529.0,13485.0,1590.0,1609.0,1397.0,1
225000.0,1,2,1,58,0,2,0,50000.0,41858.0,35155.0,2267.0,1898.0,1594.0,0
45000.0,2,2,1,26,2,3,-1,47873.0,47998.0,46160.0,7454.0,7473.0,7187.0,1
140000.0,1,2,2,48,-1,-1,1,136023.0,139435.0,134452.0,14203.0,14559.0,14039.0,0
620000.0,1,4,2,25,1,3,0,570652.0,528773.0,511529.0,32637.0,30242.0,29256.0,0
165000.0,2,1,2,34,3,1,1,96768.0,81000.0,66899.0,25522.0,21363.0,17644.0,1
200000.0,1,3,1,41,0,1,0,97529.0,102019.0,92709.0,22950.0,24007.0,21816.0,1
190000.0,1,1,2,46,-1,1,-1,102723.0,89629.0,81957.0,12891.0,11248.0,10285.0,0
265000.0,1,2,1,62,-1,2,1,53720.0,48038.0,42970.0,3835.0,3430.0,3068.0,0
130000.0,1,2,3,58,0,1,2,138806.0,126010.0,111801.0,16174.0,14683.0,13027.0,0
160000.0,2,1,2,69,0,0,3,156797.0,157130.0,132977.0,21304.0,21349.0,18068.0,0
110000.0,1,1,2,36,2,0,0,128133.0,125786.0,112239.0,33896.0,33275.0,29691.0,1
160000.0,2,1,2,43,0,3,2,98056.0,80338.0,71017.0,28078.0,23004.0,20335.0,0
110000.0,2,1,2,25,0,-1,2,123292.0,111848.0,92375.0,10834.0,9829.0,8117.0,0
60000.0,2,2,1,54,-1,2,0,25603.0,25786.0,25892.0,7126.0,7177.0,7207.0,1
135000.0,1,3,2,42,-1,-1,2,55960.0,49617.0,50649.0,14920.0,13229.0,13504.0,0
100000.0,2,4,2,40,-1,-1,0,56418.0,57647.0,57545.0,12884.0,13164.0,13141.0,0
25000.0,1,2,3,23,0,1,3,9169.0,9452.0,9344.0,649.0,669.0,662.0,1
50000.0,2,2,1,66,2,-1,1,38503.0,36316.0,31264.0,8554.0,8068.0,6946.0,1
55000.0,1,2,1,48,1,3,0,12833.0,10934.0,10118.0,1803.0,1536.0,1421.0,1
175000.0,1,2,2,46,3,-1,0,142596.0,137065.0,122726.0,37429.0,35977.0,32213.0,0
100000.0,1,2,3,27,-1,2,0,72445.0,75956.0,76145.0,20578.0,21575.0,21629.0,0
70000.0,1,3,1,39,1,0,1,51672.0,48465.0,46987.0,4297.0,4031.0,3908.0,1
60000.0,1,1,2,41,-1,0,-1,45196.0,43888.0,37886.0,11958.0,11612.0,10024.0,0
45000.0,1,2,2,28,0,0,2,48124.0,42207.0,36018.0,8032.0,7044.0,6011.0,1
150000.0,1,3,1,36,3,3,1,49789.0,44369.0,44071.0,13819.0,12315.0,12232.0,1
115000.0,2,2,2,40,2,-1,0,66683.0,65119.0,59993.0,17200.0,16797.0,15474.0,0
235000.0,1,2,1,65,0,0,3,31774.0,30010.0,24798.0,1267.0,1197.0,989.0,0
80000.0,1,1,2,49,0,2,-1,90365.0,75089.0,70115.0,20272.0,16845.0,15729.0,0
85000.0,2,2,1,28,0,-1,-1,62096.0,63776.0,52408.0,3810.0,3913.0,3216.0,0
45000.0,2,1,1,44,-1,-1,1,16535.0,14962.0,14249.0,4043.0,3659.0,3484.0,0
30000.0,2,2,2,66,2,-1,1,14744.0,15334.0,15835.0,2243.0,2333.0,2409.0,0
130000.0,2,1,2,34,0,-1,0,145951.0,131385.0,134117.0,29836.0,26858.0,27417.0,0
155000.0,1,1,1,60,1,2,0,103293.0,82669.0,85632.0,22345.0,17883.0,18524.0,1
45000.0,1,2,1,66,0,1,-1,12306.0,11321.0,11187.0,972.0,895.0,884.0,0
85000.0,1,2,2,60,0,1,0,25078.0,25161.0,22061.0,1516.0,1521.0,1333.0,0
15000.0,1,3,2,61,2,1,-1,9855.0,10259.0,8317.0,2364.0,2461.0,1995.0,1
25000.0,1,2,2,21,1,0,3,23453.0,21330.0,21483.0,5627.0,5118.0,5155.0,1
65000.0,1,2,2,44,0,1,1,35136.0,34923.0,35934.0,1345.0,1337.0,1376.0,0
90000.0,2,2,2,22,2,1,2,44784.0,41352.0,38457.0,7078.0,6536.0,6078.0,1
760000.0,1,4,1,37,3,-1,1,484901.0,470012.0,424709.0,79321.0,76886.0,69475.0,0
10000.0,2,1,3,30,1,0,3,8312.0,8577.0,7208.0,1592.0,1643.0,1381.0,0
190000.0,1,3,1,47,1,-1,1,61353.0,58523.0,47548.0,3427.0,3269.0,2656.0,0
85000.0,2,1,2,38,1,0,0,65315.0,66339.0,62529.0,10347.0,10509.0,9905.0,1
90000.0,2,1,2,52,1,0,1,47038.0,41539.0,42682.0,11794.0,10415.0,10701.0,1
135000.0,2,2,1,49,2,1,-1,162000.0,168013.0,145894.0,9249.0,9593.0,8330.0,0
100000.0,1,2,2,31,-1,1,2,58594.0,51917.0,53687.0,8651.0,7665.0,7927.0,1
275000.0,2,2,2,46,0,-1,1,325432.0,283647.0,284392.0,94184.0,82091.0,82307.0,1
175000.0,2,1,2,59,1,1,2,202323.0,183774.0,150787.0,31606.0,28708.0,23555.0,0
50000.0,1,3,1,59,-1,0,2,30116.0,24405.0,21611.0,8880.0,7196.0,6372.0,1
150000.0,1,2,2,56,-1,2,1,141597.0,113579.0,110639.0,23420.0,18786.0,18299.0,0
110000.0,2,1,2,32,0,-1,0,116404.0,100068.0,86042.0,7158.0,6153.0,5291.0,0
260000.0,1,2,2,63,0,1,2,38528.0,30886.0,29511.0,6753.0,5414.0,5173.0,1
105000.0,2,1,2,56,1,-1,0,72093.0,74399.0,75072.0,16208.0,16726.0,16878.0,0
30000.0,1,2,1,36,1,-1,-1,35412.0,28705.0,28215.0,5974.0,4843.0,4760.0,0
285000.0,2,3,2,23,0,-1,0,113917.0,112190.0,115687.0,14736.0,14513.0,14965.0,0
10000.0,1,1,2,30,3,2,2,1470.0,1365.0,1193.0,418.0,388.0,339.0,1
55000.0,2,1,2,69,3,0,-1,8059.0,6531.0,5648.0,1133.0,918.0,794.0,1
435000.0,1,2,1,32,0,0,-1,208440.0,212684.0,179479.0,11575.0,11811.0,9967.0,0
80000.0,2,2,2,44,0,0,1,21297.0,19492.0,17649.0,3111.0,2847.0,2578.0,1
375000.0,2,2,2,51,-1,1,-1,417720.0,360920.0,362031.0,88016.0,76048.0,76282.0,0
270000.0,2,2,2,58,-1,0,3,40501.0,42412.0,40444.0,11737.0,12291.0,11720.0,0
110000.0,1,3,2,58,2,-1,2,33100.0,28012.0,27469.0,3879.0,3283.0,3219.0,0
105000.0,2,1,2,27,-1,-1,-1,38127.0,32639.0,31474.0,3661.0,3134.0,3022.0,0
10000.0,1,1,1,37,0,-1,0,8277.0,7258.0,7435.0,2342.0,2053.0,2103.0,0
95000.0,1,1,1,54,0,1,0,26706.0,21943.0,20923.0,5616.0,4614.0,4400.0,0
50000.0,1,2,2,51,-1,1,0,13554.0,12600.0,11606.0,2139.0,1988.0,1831.0,0
155000.0,1,1,2,53,1,1,1,139591.0,115879.0,112513.0,12406.0,10298.0,9999.0,1
190000.0,2,1,2,57,0,0,3,203861.0,173936.0,139996.0,38922.0,33209.0,26729.0,1
225000.0,2,1,1,42,-1,1,-1,103858.0,100329.0,98093.0,12142.0,11730.0,11468.0,0
205000.0,1,2,1,26,-1,0,0,177993.0,185731.0,191596.0,46852.0,48888.0,50432.0,0
155000.0,1,3,2,64,0,1,0,42520.0,41748.0,37632.0,4270.0,4193.0,3779.0,1
115000.0,2,2,2,50,2,1,-1,38363.0,31259.0,31447.0,8000.0,6519.0,6558.0,1
30000.0,1,1,1,56,0,3,2,17622.0,16365.0,13384.0,3957.0,3675.0,3006.0,1
125000.0,2,1,1,23,2,0,-1,55682.0,53029.0,44519.0,3868.0,3684.0,3093.0,0
120000.0,2,2,2,63,-1,-1,-1,98686.0,83590.0,72972.0,18127.0,15354.0,13403.0,0
220000.0,1,1,2,22,0,1,0,123062.0,117724.0,102754.0,24796.0,23720.0,20704.0,0
225000.0,1,2,2,33,3,1,-1,125585.0,124655.0,116940.0,11408.0,11324.0,10623.0,1
160000.0,1,3,1,49,3,2,1,24281.0,23422.0,20360.0,3775.0,3642.0,3166.0,0
315000.0,1,4,2,25,0,1,0,116281.0,96369.0,98377.0,32101.0,26604.0,27158.0,0
75000.0,2,2,2,25,-1,1,-1,64670.0,63440.0,55037.0,9980.0,9790.0,8494.0,0
200000.0,2,1,1,33,1,0,-1,164987.0,148865.0,132843.0,36578.0,33004.0,29452.0,1
165000.0,2,3,2,38,3,1,1,103000.0,86614.0,73569.0,19160.0,16112.0,13685.0,1
170000.0,1,2,1,49,0,1,0,136866.0,118238.0,113615.0,36491.0,31525.0,30292.0,0
30000.0,1,2,2,56,0,2,1,27434.0,23856.0,23935.0,5785.0,5030.0,5047.0,1
150000.0,1,1,2,30,1,-1,0,161062.0,166647.0,139361.0,20147.0,20846.0,17433.0,1
170000.0,2,1,1,23,2,-1,0,189128.0,156996.0,157828.0,14130.0,11729.0,11792.0,1
240000.0,2,3,2,57,-1,0,3,37612.0,32154.0,33350.0,1908.0,1631.0,1691.0,1
270000.0,2,2,1,46,0,0,1,254741.0,251094.0,211568.0,69647.0,68650.0,57843.0,0
80000.0,2,1,2,45,2,-1,0,70192.0,60499.0,60678.0,16976.0,14632.0,14675.0,0
110000.0,1,3,1,38,0,-1,-1,32628.0,26901.0,28031.0,3116.0,2569.0,2677.0,0
60000.0,1,2,1,23,-1,1,0,40244.0,35467.0,34414.0,8741.0,7703.0,7474.0,0
55000.0,2,1,2,34,3,1,2,39781.0,38822.0,33653.0,7267.0,7092.0,6148.0,1
190000.0,2,1,1,66,2,2,2,51603.0,45579.0,39044.0,7288.0,6437.0,5514.0,1
135000.0,2,2,2,55,-1,-1,-1,28467.0,24164.0,20392.0,1973.0,1675.0,1413.0,0
150000.0,2,2,1,40,2,-1,1,46774.0,39885.0,41801.0,9734.0,8301.0,8699.0,1
15000.0,1,1,2,56,1,-1,1,8055.0,8249.0,6862.0,1451.0,1486.0,1236.0,1
120000.0,2,1,1,44,0,0,3,92338.0,89175.0,92633.0,3733.0,3605.0,3745.0,1
95000.0,2,1,2,22,2,2,1,45455.0,38241.0,37486.0,12720.0,10701.0,10490.0,1
350000.0,1,1,2,46,0,3,1,240141.0,225313.0,191540.0,39440.0,37005.0,31458.0,1
120000.0,1,2,3,39,-1,3,2,54554.0,46324.0,47797.0,2490.0,2114.0,2182.0,1
160000.0,1,2,2,54,1,-1,1,130122.0,115320.0,96611.0,16632.0,14740.0,12349.0,0
310000.0,1,2,1,36,0,0,0,322591.0,326891.0,271164.0,30990.0,31403.0,26050.0,0
80000.0,2,2,1,49,0,2,0,74571.0,74432.0,67353.0,3071.0,3065.0,2774.0,1
120000.0,2,3,1,63,0,0,-1,39625.0,32776.0,29586.0,3214.0,2658.0,2399.0,0
100000.0,2,2,2,36,1,-1,0,38371.0,38811.0,40316.0,8291.0,8386.0,8711.0,0
110000.0,1,3,1,44,2,3,0,132000.0,130213.0,132956.0,15275.0,15068.0,15385.0,1
165000.0,1,1,2,30,1,1,1,139578.0,134645.0,113426.0,11337.0,10937.0,9213.0,1
120000.0,1,2,2,50,-1,0,-1,110367.0,101275.0,90866.0,5360.0,4918.0,4413.0,0
50000.0,2,2,1,37,3,0,0,34376.0,35563.0,32539.0,1679.0,1737.0,1590.0,1
825000.0,1,3,1,54,-1,0,-1,228843.0,205133.0,189224.0,46704.0,41866.0,38619.0,0
65000.0,2,2,2,37,-1,1,-1,77220.0,75504.0,78916.0,20766.0,20305.0,21222.0,1
140000.0,1,1,2,35,0,1,-1,59350.0,56678.0,55610.0,2934.0,2802.0,2749.0,0
185000.0,1,3,3,51,1,1,1,26892.0,25805.0,26967.0,2090.0,2006.0,2096.0,1
50000.0,2,2,2,37,2,-1,1,27917.0,23232.0,22195.0,5115.0,4257.0,4067.0,1
30000.0,2,2,2,26,-1,0,3,11989.0,10460.0,9518.0,1531.0,1336.0,1215.0,0
150000.0,2,3,1,27,2,-1,-1,93349.0,89531.0,81734.0,20849.0,19996.0,18255.0,0
40000.0,2,2,2,24,1,2,2,17315.0,15915.0,14023.0,4056.0,3728.0,3285.0,1
50000.0,2,4,2,47,1,2,3,41896.0,40702.0,40895.0,6736.0,6544.0,6575.0,1
675000.0,2,1,1,57,2,0,3,169300.0,139577.0,133361.0,11703.0,9649.0,9219.0,1
125000.0,1,2,2,40,-1,1,1,142776.0,149048.0,153492.0,31154.0,32523.0,33493.0,1
270000.0,2,3,2,68,0,1,0,91127.0,82313.0,67481.0,20060.0,18120.0,14855.0,0
295000.0,1,1,2,32,-1,0,1,252162.0,251440.0,233490.0,25347.0,25274.0,23470.0,1
425000.0,1,2,2,25,3,1,1,498868.0,455738.0,406597.0,39271.0,35876.0,32007.0,1
55000.0,1,2,2,48,0,0,-1,52914.0,49844.0,44966.0,15182.0,14301.0,12902.0,0
150000.0,2,2,1,31,0,0,1,45678.0,45076.0,44190.0,12879.0,12709.0,12460.0,0
360000.0,2,1,2,23,1,1,-1,96652.0,97772.0,94497.0,24494.0,24778.0,23948.0,1
80000.0,1,1,3,44,-1,2,1,82554.0,77708.0,67970.0,14746.0,13880.0,12141.0,1
95000.0,1,2,1,22,-1,0,0,90059.0,82686.0,70581.0,15105.0,13868.0,11838.0,1
315000.0,2,2,3,23,-1,3,-1,184896.0,173945.0,169646.0,23025.0,21661.0,21126.0,1
120000.0,1,2,1,45,0,1,1,49213.0,46437.0,41356.0,12864.0,12139.0,10811.0,0
165000.0,1,2,2,53,0,1,-1,135026.0,111004.0,105729.0,39442.0,32425.0,30884.0,1
145000.0,2,2,1,53,3,0,0,167881.0,135845.0,142536.0,22312.0,18054.0,18944.0,1
330000.0,2,3,2,62,2,-1,-1,372943.0,326577.0,277611.0,17264.0,15118.0,12851.0,1
35000.0,1,3,2,32,-1,0,2,6131.0,5669.0,5138.0,1690.0,1563.0,1417.0,0
55000.0,2,2,2,49,2,1,0,63702.0,63601.0,66090.0,16000.0,15975.0,16600.0,0
505000.0,2,1,2,58,-1,2,0,225889.0,224584.0,205852.0,47351.0,47078.0,43151.0,0
515000.0,2,2,1,24,1,-1,-1,510007.0,502786.0,514423.0,137036.0,135096.0,138223.0,0
40000.0,2,1,2,55,1,1,0,26857.0,24897.0,21711.0,4600.0,4265.0,3719.0,1
50000.0,2,2,2,58,1,0,1,26553.0,24229.0,20007.0,4704.0,4292.0,3544.0,1
75000.0,2,1,1,58,0,-1,3,74992.0,68838.0,60699.0,15152.0,13908.0,12264.0,1
220000.0,2,3,1,48,1,-1,1,102497.0,89776.0,74914.0,14408.0,12620.0,10531.0,0
25000.0,1,1,2,45,0,0,2,8005.0,6404.0,5332.0,674.0,539.0,449.0,0
25000.0,2,2,1,34,0,-1,1,18114.0,15142.0,14021.0,3210.0,2683.0,2485.0,1
190000.0,1,1,2,45,-1,0,3,199588.0,166739.0,143789.0,38404.0,32083.0,27667.0,0
170000.0,1,1,1,24,0,0,2,173024.0,178912.0,169351.0,45294.0,46835.0,44332.0,1
530000.0,1,3,1,66,1,2,2,209158.0,184510.0,154924.0,19740.0,17414.0,14621.0,0
90000.0,2,1,1,58,1,1,2,104625.0,99764.0,100476.0,6801.0,6485.0,6532.0,1
80000.0,1,2,2,39,0,0,1,30835.0,25422.0,24643.0,2212.0,1823.0,1768.0,1
165000.0,2,2,2,62,3,-1,-1,161259.0,159880.0,167813.0,21249.0,21068.0,22113.0,1
455000.0,2,2,1,26,0,1,2,521175.0,449033.0,390658.0,102150.0,88011.0,76569.0,1
850000.0,2,2,1,59,1,1,1,670221.0,572507.0,473387.0,164837.0,140805.0,116427.0,0
530000.0,2,2,2,23,-1,-1,0,316134.0,298194.0,240217.0,39088.0,36870.0,29701.0,0
35000.0,2,3,2,52,3,-1,-1,10579.0,10583.0,9021.0,2771.0,2772.0,2363.0,0
135000.0,1,2,3,43,-1,1,0,37485.0,37344.0,31547.0,8378.0,8347.0,7051.0,0
40000.0,1,4,1,29,3,-1,0,17048.0,17467.0,14631.0,3558.0,3646.0,3054.0,1
70000.0,2,1,2,30,0,-1,2,60346.0,53987.0,56659.0,17805.0,15929.0,16717.0,1
160000.0,1,2,1,38,-1,1,0,179444.0,146178.0,147259.0,42223.0,34396.0,34650.0,0
265000.0,1,1,3,27,0,-1,2,186702.0,159754.0,162118.0,21202.0,18142.0,18411.0,0
185000.0,2,2,2,52,1,2,2,197759.0,198526.0,162169.0,31003.0,31124.0,25424.0,0
75000.0,2,3,2,45,1,1,1,15131.0,15260.0,15240.0,2925.0,2950.0,2946.0,0
85000.0,1,2,2,22,-1,0,1,85983.0,69656.0,71659.0,8985.0,7279.0,7488.0,1
80000.0,1,3,2,56,0,-1,2,70894.0,65562.0,54403.0,15472.0,14309.0,11873.0,0
40000.0,1,2,2,44,2,-1,3,22130.0,18389.0,18205.0,5040.0,4188.0,4146.0,1
285000.0,2,1,2,40,1,1,1,305375.0,276097.0,235176.0,49553.0,44802.0,38162.0,0
70000.0,2,1,1,56,0,3,-1,24866.0,20469.0,18369.0,1561.0,1285.0,1153.0,1
320000.0,2,2,1,67,-1,0,1,228863.0,195959.0,163556.0,39896.0,34160.0,28512.0,0
60000.0,1,1,2,44,-1,1,-1,42042.0,37162.0,30058.0,3795.0,3355.0,2713.0,1
130000.0,2,1,1,60,1,0,-1,94392.0,78494.0,62818.0,26213.0,21798.0,17444.0,0
20000.0,1,2,2,47,3,3,2,18560.0,19259.0,20034.0,4861.0,5044.0,5247.0,1
315000.0,1,2,2,56,0,1,-1,372409.0,311675.0,280711.0,27060.0,22647.0,20397.0,1
105000.0,2,2,1,63,1,1,0,60632.0,53977.0,43330.0,12869.0,11457.0,9197.0,0
150000.0,1,1,3,45,0,3,0,108135.0,89149.0,80243.0,7489.0,6174.0,5557.0,1
65000.0,2,2,2,22,1,-1,-1,50701.0,49916.0,43249.0,8163.0,8037.0,6964.0,1
65000.0,1,1,2,61,1,0,0,53068.0,43383.0,45252.0,8066.0,6594.0,6878.0,0
110000.0,2,2,1,38,2,-1,2,93613.0,94576.0,86498.0,18931.0,19126.0,17492.0,0
60000.0,2,2,1,45,-1,-1,1,24644.0,22553.0,21289.0,5342.0,4889.0,4615.0,0
110000.0,2,4,1,35,-1,1,3,110500.0,107538.0,88003.0,24086.0,23440.0,19182.0,1
440000.0,2,1,2,44,-1,1,0,230264.0,198006.0,180551.0,44213.0,38019.0,34668.0,0
115000.0,2,2,3,21,-1,-1,2,25039.0,21161.0,18093.0,6791.0,5740.0,4907.0,0
40000.0,2,3,2,57,-1,1,-1,17751.0,15263.0,15097.0,1524.0,1310.0,1296.0,0
60000.0,1,1,1,58,0,-1,-1,62562.0,60000.0,58748.0,14527.0,13933.0,13642.0,0
75000.0,1,1,1,30,1,2,1,69553.0,71010.0,63619.0,20373.0,20800.0,18635.0,1
580000.0,2,1,3,21,-1,1,0,528269.0,533516.0,493293.0,81081.0,81886.0,75713.0,0
215000.0,1,2,2,46,0,1,-1,92380.0,76643.0,74286.0,16217.0,13454.0,13040.0,0
445000.0,1,1,2,36,1,0,-1,381463.0,347373.0,303769.0,97199.0,88513.0,77402.0,0
135000.0,2,2,2,30,-1,0,0,149695.0,144167.0,131114.0,36133.0,34799.0,31648.0,0
235000.0,2,2,2,58,3,1,2,42885.0,39318.0,35035.0,7837.0,7185.0,6403.0,1
25000.0,1,1,1,23,1,0,1,9330.0,8261.0,8329.0,1077.0,954.0,961.0,1
75000.0,2,2,1,61,1,2,0,73463.0,63264.0,53173.0,10925.0,9408.0,7907.0,1
125000.0,2,3,1,54,-1,1,0,56216.0,57710.0,59863.0,14153.0,14529.0,15071.0,0
95000.0,1,3,2,59,-1,3,2,71208.0,71648.0,71020.0,12463.0,12540.0,12430.0,0
180000.0,2,1,1,59,0,1,1,93661.0,83348.0,79542.0,4800.0,4272.0,4077.0,1
170000.0,2,1,1,24,2,2,0,25690.0,21250.0,17518.0,3547.0,2934.0,2419.0,1
85000.0,1,1,1,31,1,1,0,43834.0,39985.0,37009.0,2222.0,2027.0,1876.0,1
110000.0,1,2,2,64,1,3,-1,75865.0,68859.0,70821.0,5973.0,5421.0,5575.0,1
140000.0,2,1,2,32,-1,0,1,70893.0,69550.0,63008.0,20047.0,19667.0,17817.0,0
185000.0,1,2,2,35,2,0,-1,195991.0,167776.0,153320.0,45681.0,39105.0,35736.0,1
145000.0,1,1,2,56,2,-1,2,31880.0,29368.0,24776.0,1542.0,1421.0,1199.0,1
80000.0,2,1,1,46,-1,0,-1,88298.0,82983.0,79223.0,7256.0,6819.0,6510.0,1
75000.0,1,2,2,57,1,1,1,31100.0,30448.0,25646.0,8782.0,8598.0,7242.0,1
55000.0,1,2,1,28,-1,1,3,34331.0,27761.0,25422.0,9796.0,7921.0,7254.0,1
245000.0,1,1,2,23,0,2,1,132205.0,123277.0,98920.0,7470.0,6965.0,5589.0,1
35000.0,2,1,2,60,1,0,-1,10899.0,9076.0,8989.0,3129.0,2605.0,2580.0,0
15000.0,2,3,2,56,3,3,1,16039.0,15735.0,14506.0,856.0,840.0,774.0,1
100000.0,1,2,1,57,-1,1,0,109877.0,100218.0,91136.0,15875.0,14480.0,13168.0,1
370000.0,2,1,3,25,1,0,0,293465.0,280311.0,279999.0,62408.0,59610.0,59544.0,0
110000.0,1,3,2,57,1,-1,1,94376.0,79227.0,68282.0,9565.0,8029.0,6920.0,1
110000.0,1,1,1,23,2,-1,0,129797.0,108237.0,103728.0,23101.0,19263.0,18461.0,1
205000.0,1,1,1,39,3,0,1,172229.0,168683.0,169722.0,19126.0,18733.0,18848.0,0
65000.0,1,2,2,65,0,0,0,51592.0,50180.0,42663.0,7598.0,7390.0,6283.0,0
55000.0,2,1,1,43,0,-1,3,29692.0,27481.0,25627.0,8018.0,7421.0,6920.0,0
40000.0,1,2,1,60,2,2,2,34638.0,29109.0,29948.0,1726.0,1451.0,1493.0,1
110000.0,2,2,1,52,-1,-1,-1,63045.0,55538.0,51549.0,4268.0,3760.0,3490.0,0
50000.0,1,1,2,21,3,0,0,56739.0,55323.0,48461.0,5527.0,5389.0,4720.0,1
110000.0,2,2,1,66,0,1,-1,60181.0,48327.0,44793.0,14789.0,11876.0,11008.0,1
70000.0,1,3,2,42,0,1,1,19984.0,17797.0,14653.0,5781.0,5149.0,4239.0,0
305000.0,1,1,1,66,3,-1,-1,301971.0,301972.0,296227.0,37616.0,37616.0,36900.0,0
115000.0,2,2,2,27,1,0,-1,69917.0,56150.0,48752.0,14518.0,11659.0,10123.0,1
45000.0,1,2,1,33,-1,-1,1,44242.0,40374.0,41333.0,11591.0,10577.0,10829.0,0
65000.0,2,2,1,67,0,0,0,78000.0,79604.0,77294.0,19814.0,20222.0,19635.0,0
60000.0,1,1,1,37,0,-1,1,50583.0,51802.0,52923.0,6752.0,6915.0,7064.0,1
70000.0,2,2,1,59,0,0,3,11903.0,10656.0,9022.0,596.0,534.0,452.0,0
235000.0,2,2,1,24,-1,2,1,78046.0,69245.0,67732.0,13487.0,11966.0,11704.0,0
150000.0,2,3,2,56,-1,-1,0,174728.0,174179.0,151716.0,38387.0,38266.0,33331.0,0
85000.0,1,1,2,59,-1,1,-1,19245.0,16227.0,14212.0,5311.0,4478.0,3922.0,0
90000.0,1,1,2,51,-1,-1,0,104203.0,104079.0,109025.0,26748.0,26716.0,27986.0,0
150000.0,2,2,1,55,2,0,1,34784.0,28540.0,26202.0,3225.0,2646.0,2430.0,0
130000.0,1,4,2,42,-1,3,1,115116.0,98325.0,83599.0,15747.0,13450.0,11436.0,1
60000.0,2,2,1,23,1,0,3,49616.0,45783.0,43961.0,6119.0,5647.0,5422.0,1
20000.0,1,4,1,37,2,1,2,3742.0,3034.0,2862.0,1067.0,865.0,816.0,1
245000.0,2,1,1,22,-1,-1,3,269859.0,255808.0,221802.0,72000.0,68251.0,59178.0,0
85000.0,1,1,3,28,3,-1,2,63305.0,62647.0,54859.0,17381.0,17200.0,15062.0,1
105000.0,2,2,2,41,0,2,0,60420.0,62603.0,63016.0,9446.0,9788.0,9852.0,1
75000.0,1,1,2,45,3,2,3,89213.0,76590.0,73723.0,24914.0,21389.0,20588.0,1
270000.0,2,2,2,45,3,1,-1,251451.0,250055.0,255265.0,68081.0,67703.0,69114.0,1
215000.0,2,4,2,59,-1,1,0,118753.0,118440.0,111008.0,7798.0,7777.0,7289.0,1
115000.0,1,3,2,41,2,-1,0,77942.0,81293.0,81173.0,13042.0,13603.0,13583.0,1
370000.0,2,2,2,43,1,1,-1,284335.0,259428.0,224718.0,78362.0,71497.0,61931.0,0
100000.0,2,2,1,22,0,0,0,66846.0,55244.0,49874.0,8600.0,7107.0,6416.0,0
50000.0,2,1,1,33,1,-1,-1,31255.0,32526.0,29492.0,4977.0,5180.0,4697.0,1
60000.0,2,2,1,67,-1,0,-1,11931.0,9836.0,9924.0,490.0,404.0,407.0,0
395000.0,1,2,1,54,2,0,1,375920.0,380620.0,333308.0,106511.0,107842.0,94437.0,0
690000.0,2,2,2,66,0,-1,1,828000.0,850933.0,845854.0,96658.0,99335.0,98742.0,1
85000.0,2,2,2,65,-1,-1,-1,84010.0,67980.0,59530.0,7033.0,5691.0,4984.0,0
670000.0,1,1,2,43,1,1,0,733392.0,642648.0,561613.0,211081.0,184963.0,161640.0,0
85000.0,1,1,1,25,-1,-1,3,46786.0,43006.0,35212.0,10268.0,9438.0,7728.0,0
280000.0,1,3,2,57,0,3,-1,336000.0,340286.0,303659.0,55057.0,55760.0,49758.0,0
230000.0,1,1,2,39,0,1,0,276000.0,287471.0,284258.0,46358.0,48285.0,47745.0,1
130000.0,2,2,1,28,-1,-1,3,144467.0,138217.0,115608.0,5781.0,5531.0,4626.0,0
150000.0,2,2,1,58,3,-1,1,165950.0,154056.0,149124.0,20137.0,18694.0,18095.0,1
15000.0,1,3,2,42,-1,1,2,17364.0,16837.0,13631.0,2051.0,1989.0,1610.0,1
60000.0,1,2,2,27,0,3,-1,11789.0,11101.0,11386.0,2028.0,1909.0,1958.0,0
70000.0,2,3,2,64,1,0,0,74407.0,65934.0,58754.0,12987.0,11508.0,10255.0,1
250000.0,2,3,2,63,1,1,-1,196322.0,162720.0,134424.0,11850.0,9822.0,8114.0,1
200000.0,2,2,2,48,-1,0,1,149275.0,154637.0,129100.0,32189.0,33345.0,27839.0,1
110000.0,2,2,2,48,2,1,1,99814.0,98702.0,99631.0,8111.0,8021.0,8096.0,1
75000.0,1,2,1,47,0,0,1,32220.0,31395.0,32784.0,6645.0,6475.0,6761.0,0
40000.0,2,3,2,59,1,2,0,10751.0,11005.0,10286.0,756.0,774.0,724.0,0
65000.0,1,2,1,44,-1,1,0,26032.0,25254.0,22488.0,5555.0,5389.0,4799.0,0
130000.0,1,3,2,21,0,1,0,147876.0,144143.0,135111.0,12153.0,11847.0,11104.0,0
35000.0,1,1,2,52,1,0,0,37877.0,38645.0,39439.0,6095.0,6219.0,6347.0,1
215000.0,1,2,2,53,-1,1,1,45616.0,41430.0,39138.0,8346.0,7580.0,7161.0,0
35000.0,2,3,1,52,1,1,0,8699.0,7904.0,7232.0,1715.0,1558.0,1426.0,1
195000.0,1,2,1,52,1,0,-1,221740.0,232128.0,189865.0,38702.0,40515.0,33139.0,1
25000.0,2,2,2,49,1,1,0,29202.0,24323.0,23754.0,7474.0,6225.0,6079.0,1
105000.0,1,2,1,37,1,1,3,103580.0,83868.0,68082.0,17689.0,14323.0,11627.0,1
90000.0,1,1,2,21,0,-1,2,40902.0,39484.0,41413.0,7878.0,7605.0,7976.0,0
155000.0,2,2,1,52,0,0,3,81785.0,85511.0,88735.0,10761.0,11251.0,11675.0,0
35000.0,2,2,3,25,2,1,1,33488.0,31139.0,31840.0,5786.0,5380.0,5501.0,1
55000.0,2,2,2,44,0,0,1,55239.0,50489.0,51711.0,3301.0,3017.0,3090.0,1
90000.0,1,1,2,65,2,-1,1,85157.0,84793.0,80262.0,4912.0,4891.0,4630.0,1
65000.0,2,1,2,35,0,0,0,64348.0,62416.0,52282.0,11784.0,11430.0,9574.0,1
20000.0,1,2,1,57,0,2,-1,22284.0,19358.0,19815.0,2286.0,1986.0,2033.0,1
215000.0,2,3,3,24,1,1,0,92028.0,86927.0,70496.0,16942.0,16003.0,12978.0,0
185000.0,2,2,1,58,1,1,-1,54124.0,51997.0,52347.0,4111.0,3949.0,3976.0,0
1760000.0,2,2,2,58,1,1,0,1526130.0,1420678.0,1368847.0,255489.0,237835.0,229158.0,0
255000.0,2,1,1,36,3,-1,1,93919.0,94474.0,85466.0,15198.0,15288.0,13830.0,1
120000.0,2,3,2,29,1,0,0,127030.0,114340.0,107607.0,15886.0,14299.0,13457.0,1
150000.0,1,1,2,29,2,-1,-1,152523.0,132666.0,118275.0,43265.0,37633.0,33550.0,0
305000.0,1,2,2,53,3,0,-1,342735.0,289182.0,248950.0,28188.0,23784.0,20475.0,1
255000.0,1,1,1,28,-1,-1,1,55547.0,46416.0,46546.0,3776.0,3156.0,3164.0,0
35000.0,1,3,1,62,-1,1,-1,36652.0,36879.0,35872.0,8583.0,8637.0,8401.0,1
170000.0,2,1,1,30,1,3,0,106315.0,103976.0,91690.0,19212.0,18789.0,16569.0,1
85000.0,2,4,2,40,-1,3,0,29823.0,25303.0,22848.0,8024.0,6808.0,6147.0,1
100000.0,1,2,2,68,0,1,3,44194.0,41967.0,43263.0,9720.0,9231.0,9516.0,1
95000.0,1,2,2,24,0,1,1,72549.0,66133.0,56033.0,13319.0,12141.0,10287.0,0
75000.0,1,1,1,40,-1,2,-1,49575.0,44869.0,43635.0,10404.0,9416.0,9157.0,0
445000.0,2,1,1,29,1,2,3,479786.0,481350.0,412087.0,18151.0,18210.0,15590.0,1
25000.0,2,1,2,51,-1,2,3,6181.0,5073.0,4619.0,273.0,224.0,204.0,0
100000.0,2,2,2,27,-1,1,-1,70032.0,62006.0,59258.0,5200.0,4604.0,4400.0,0
40000.0,1,1,1,55,2,-1,0,19914.0,18173.0,18029.0,2296.0,2095.0,2079.0,1
170000.0,1,1,1,52,-1,0,-1,27719.0,25983.0,24349.0,5949.0,5577.0,5226.0,0
375000.0,2,2,1,23,0,0,-1,57764.0,58909.0,60210.0,15879.0,16194.0,16551.0,0
150000.0,2,1,2,68,2,0,1,42598.0,44526.0,46096.0,3811.0,3984.0,4124.0,1
105000.0,1,1,1,40,0,0,2,73308.0,74249.0,67339.0,15103.0,15297.0,13874.0,1
65000.0,2,2,2,63,-1,0,-1,69324.0,68218.0,59406.0,8197.0,8067.0,7025.0,0
15000.0,1,3,2,61,2,2,-1,15947.0,13414.0,12219.0,3925.0,3301.0,3007.0,1
115000.0,2,1,1,36,1,1,-1,104118.0,91036.0,80678.0,5324.0,4655.0,4126.0,1
45000.0,2,2,2,55,3,-1,0,22198.0,18098.0,16814.0,3042.0,2480.0,2304.0,0
50000.0,2,3,2,55,0,0,3,42751.0,42750.0,42104.0,9099.0,9099.0,8962.0,1
55000.0,1,3,1,55,-1,-1,0,29711.0,26199.0,24563.0,7773.0,6855.0,6427.0,0
145000.0,2,2,1,59,0,1,1,89638.0,89280.0,93029.0,16274.0,16209.0,16890.0,0
40000.0,2,2,3,39,3,1,-1,15304.0,15332.0,14667.0,997.0,999.0,956.0,1
150000.0,2,3,2,54,-1,3,-1,121024.0,116315.0,116945.0,26907.0,25860.0,26000.0,1
85000.0,2,1,2,25,0,0,1,68118.0,56531.0,58382.0,3666.0,3042.0,3142.0,1
80000.0,2,3,2,63,2,3,0,20630.0,18732.0,16423.0,3869.0,3513.0,3080.0,1
70000.0,1,1,2,54,1,1,1,55992.0,46405.0,44897.0,3380.0,2801.0,2710.0,1
150000.0,2,1,1,48,0,-1,0,123272.0,125782.0,119274.0,13144.0,13412.0,12718.0,0
175000.0,2,2,2,35,1,1,-1,203477.0,175072.0,145802.0,43352.0,37301.0,31064.0,1
50000.0,2,2,1,43,1,-1,-1,28678.0,29734.0,24661.0,5459.0,5660.0,4695.0,1
30000.0,2,4,2,67,0,-1,1,36000.0,36035.0,29733.0,6348.0,6354.0,5243.0,0
40000.0,1,2,1,69,0,-1,-1,23543.0,23347.0,20379.0,1906.0,1890.0,1649.0,1
185000.0,2,4,2,40,-1,0,0,117649.0,112074.0,106952.0,30642.0,29190.0,27856.0,0
125000.0,1,1,1,24,-1,-1,0,96164.0,96682.0,94426.0,14642.0,14721.0,14377.0,0
120000.0,2,2,2,61,1,-1,-1,86018.0,75673.0,70267.0,12881.0,11332.0,10522.0,1
230000.0,2,2,1,25,2,0,2,49470.0,50650.0,42025.0,5961.0,6103.0,5064.0,0
100000.0,1,2,2,23,0,0,0,113538.0,105201.0,86946.0,16089.0,14908.0,12321.0,0
60000.0,2,3,2,42,1,-1,1,40311.0,39192.0,40976.0,4147.0,4032.0,4215.0,0
80000.0,2,3,2,68,0,1,0,96000.0,82273.0,80988.0,13027.0,11164.0,10990.0,1
105000.0,2,2,3,21,0,-1,-1,117907.0,106322.0,97601.0,10823.0,9760.0,8959.0,0
225000.0,2,2,2,66,0,3,1,58677.0,55738.0,54981.0,7976.0,7576.0,7473.0,1
95000.0,1,3,2,25,3,-1,-1,51807.0,50354.0,51121.0,9243.0,8984.0,9121.0,1
55000.0,2,3,2,52,0,-1,0,27928.0,28824.0,26438.0,7050.0,7276.0,6674.0,0
105000.0,2,2,2,44,0,0,-1,76906.0,73663.0,63147.0,12343.0,11822.0,10134.0,0
110000.0,1,1,1,35,0,0,1,124876.0,108413.0,109729.0,22187.0,19262.0,19495.0,1
120000.0,2,2,1,65,0,-1,3,57219.0,50517.0,47666.0,10023.0,8849.0,8350.0,0
145000.0,2,2,1,64,0,1,-1,174000.0,151619.0,142852.0,8374.0,7297.0,6875.0,1
165000.0,1,2,1,34,0,0,-1,173102.0,158714.0,151837.0,27439.0,25159.0,24069.0,1
65000.0,2,2,2,63,1,0,2,18830.0,15350.0,12755.0,2138.0,1743.0,1448.0,1
60000.0,2,2,2,30,-1,-1,1,46424.0,39052.0,32871.0,9608.0,8082.0,6803.0,0
110000.0,1,2,2,49,-1,1,3,94468.0,93594.0,95304.0,23821.0,23601.0,24032.0,1
55000.0,1,1,1,31,1,0,-1,62241.0,50990.0,49279.0,3866.0,3167.0,3061.0,1
45000.0,2,2,2,30,1,-1,0,34675.0,32527.0,30806.0,8725.0,8185.0,7751.0,1
90000.0,2,2,2,67,-1,3,0,87914.0,74450.0,71657.0,4397.0,3723.0,3584.0,1
120000.0,1,2,1,48,2,1,1,85761.0,71790.0,73630.0,11342.0,9494.0,9738.0,1
140000.0,2,4,2,29,2,0,2,128327.0,134584.0,131479.0,31848.0,33401.0,32630.0,0
100000.0,2,2,2,33,-1,1,1,21562.0,22077.0,20121.0,1201.0,1229.0,1120.0,0
50000.0,1,2,2,29,0,0,0,54500.0,49611.0,49117.0,4269.0,3886.0,3848.0,1
160000.0,1,1,2,21,-1,1,1,44663.0,43464.0,39312.0,2552.0,2483.0,2246.0,0
45000.0,1,1,2,53,1,0,1,14077.0,14234.0,14178.0,4048.0,4093.0,4077.0,0
185000.0,1,3,3,66,2,3,-1,151069.0,123295.0,101030.0,5676.0,4632.0,3796.0,0
65000.0,2,2,2,42,2,-1,-1,45765.0,42003.0,39208.0,4848.0,4449.0,4153.0,0
80000.0,2,1,2,49,1,-1,0,45370.0,36527.0,37844.0,9296.0,7484.0,7754.0,0
90000.0,2,2,1,62,-1,3,1,106322.0,99265.0,81098.0,8314.0,7763.0,6342.0,1
30000.0,1,1,2,32,2,0,1,28658.0,24010.0,19502.0,1924.0,1612.0,1309.0,1
95000.0,1,2,2,29,1,0,2,72094.0,75691.0,70257.0,17516.0,18390.0,17070.0,1
380000.0,2,1,1,64,2,2,-1,190702.0,169699.0,145311.0,21906.0,19493.0,16692.0,1
150000.0,2,1,2,26,0,1,-1,85139.0,80028.0,81349.0,14165.0,13315.0,13535.0,0
90000.0,2,1,3,45,3,-1,1,35419.0,34562.0,29866.0,10217.0,9970.0,8615.0,1
50000.0,1,2,2,25,2,1,-1,58122.0,59535.0,48686.0,2449.0,2509.0,2052.0,1
240000.0,2,1,1,67,0,0,-1,206545.0,193584.0,194607.0,55321.0,51849.0,52123.0,0
80000.0,2,1,2,55,-1,0,0,69888.0,66313.0,54188.0,13887.0,13177.0,10767.0,1
70000.0,1,2,1,57,0,-1,0,75642.0,61805.0,64061.0,2821.0,2305.0,2389.0,0
130000.0,2,1,2,30,-1,0,3,113549.0,107587.0,104687.0,4778.0,4527.0,4405.0,0
470000.0,2,1,2,66,0,-1,1,488218.0,404457.0,385874.0,39331.0,32583.0,31086.0,1
145000.0,2,2,1,59,1,1,3,107831.0,88639.0,83055.0,9299.0,7644.0,7162.0,1
120000.0,2,1,2,40,0,0,1,88178.0,74599.0,72776.0,18307.0,15488.0,15110.0,0
110000.0,1,2,1,60,0,1,0,114446.0,94144.0,82757.0,27388.0,22529.0,19804.0,0
170000.0,1,1,2,59,1,2,3,34691.0,33592.0,32768.0,9038.0,8752.0,8537.0,1
85000.0,1,1,1,45,1,0,2,81168.0,83993.0,72263.0,14972.0,15493.0,13329.0,1
60000.0,1,4,1,48,-1,1,0,26260.0,26795.0,24981.0,7488.0,7640.0,7123.0,0
125000.0,1,1,1,44,-1,-1,1,110303.0,109471.0,92966.0,26836.0,26633.0,22618.0,0
480000.0,2,2,2,43,-1,1,0,299584.0,257392.0,259933.0,48628.0,41779.0,42192.0,0
155000.0,1,1,1,57,0,0,1,140646.0,125041.0,131028.0,14411.0,12812.0,13425.0,1
185000.0,2,2,2,65,3,-1,0,161268.0,138659.0,114391.0,34972.0,30069.0,24806.0,1
240000.0,1,2,1,27,3,2,2,126972.0,106427.0,88839.0,31421.0,26337.0,21984.0,1
25000.0,1,1,2,40,2,-1,2,17889.0,15892.0,16314.0,4598.0,4084.0,4193.0,1
95000.0,1,3,2,58,-1,-1,-1,20400.0,18248.0,16752.0,3349.0,2996.0,2750.0,0
120000.0,1,1,2,53,-1,-1,1,76443.0,71628.0,66058.0,8140.0,7627.0,7034.0,1
40000.0,1,1,1,33,0,2,0,22746.0,19933.0,18341.0,5882.0,5154.0,4743.0,0
55000.0,1,2,1,34,-1,-1,3,66000.0,67075.0,55679.0,14290.0,14523.0,12056.0,0
50000.0,2,3,2,29,0,1,0,19762.0,18782.0,15247.0,1089.0,1035.0,840.0,0
275000.0,2,1,2,66,1,-1,0,274863.0,262604.0,224907.0,77561.0,74101.0,63464.0,1
725000.0,1,3,1,56,2,3,3,444273.0,443995.0,384234.0,49927.0,49895.0,43180.0,1
225000.0,1,2,2,47,-1,2,0,204531.0,175818.0,163514.0,29116.0,25029.0,23277.0,0
210000.0,2,4,2,24,2,0,0,192785.0,166063.0,145346.0,33485.0,28844.0,25245.0,1
120000.0,2,3,2,25,0,2,2,105075.0,106421.0,104339.0,10410.0,10543.0,10337.0,0
515000.0,1,2,1,42,1,-1,0,597505.0,603659.0,575237.0,95954.0,96942.0,92378.0,0
55000.0,1,1,2,52,-1,0,1,17002.0,14790.0,14847.0,3037.0,2642.0,2652.0,0
15000.0,1,1,2,51,3,1,1,8051.0,7832.0,6844.0,2313.0,2250.0,1966.0,1
175000.0,1,1,1,25,1,3,2,209685.0,214910.0,206742.0,18749.0,19216.0,18486.0,1
25000.0,1,2,2,63,-1,0,-1,23958.0,23919.0,19941.0,3491.0,3485.0,2906.0,1
15000.0,2,1,1,54,0,1,0,5121.0,5301.0,4517.0,359.0,372.0,317.0,1
370000.0,2,2,2,47,0,-1,-1,323134.0,259208.0,244301.0,40581.0,32552.0,30680.0,0
350000.0,1,1,1,35,0,1,0,361105.0,338325.0,325736.0,84337.0,79017.0,76077.0,0
25000.0,2,1,2,66,0,2,0,7018.0,6472.0,6227.0,1552.0,1431.0,1377.0,1
300000.0,1,1,1,42,-1,3,-1,45198.0,41100.0,35340.0,3411.0,3102.0,2667.0,0
75000.0,1,3,1,56,2,-1,1,32919.0,33054.0,32149.0,1458.0,1464.0,1424.0,1
190000.0,1,1,2,46,1,-1,0,212577.0,216504.0,202766.0,52644.0,53617.0,50215.0,0
200000.0,1,3,1,62,-1,-1,-1,102580.0,91507.0,81720.0,25643.0,22875.0,20428.0,0
30000.0,2,4,2,29,-1,0,2,8667.0,7687.0,7600.0,632.0,561.0,554.0,0
100000.0,1,1,1,49,1,1,-1,60987.0,49634.0,48289.0,3501.0,2849.0,2772.0,1
65000.0,2,4,2,49,1,0,1,44243.0,40902.0,36546.0,11241.0,10392.0,9286.0,1
65000.0,2,1,1,44,0,-1,1,71936.0,63632.0,56078.0,7396.0,6542.0,5766.0,0
30000.0,1,2,2,34,1,-1,0,5688.0,5761.0,5891.0,932.0,944.0,965.0,1
50000.0,1,2,2,52,1,1,-1,51112.0,51538.0,41488.0,2757.0,2780.0,2238.0,1
75000.0,1,1,2,64,-1,2,1,70060.0,70843.0,70733.0,18275.0,18479.0,18451.0,1
45000.0,1,1,2,58,-1,0,0,40990.0,33897.0,29169.0,7697.0,6365.0,5478.0,1
120000.0,1,1,2,66,1,1,0,123773.0,106788.0,99806.0,26161.0,22571.0,21095.0,1
450000.0,2,1,2,26,0,0,0,365783.0,363132.0,303814.0,32367.0,32132.0,26883.0,0
110000.0,2,1,2,69,-1,0,1,43610.0,40545.0,42251.0,4684.0,4355.0,4538.0,1
175000.0,1,1,3,28,2,-1,-1,173250.0,146797.0,122973.0,44090.0,37358.0,31295.0,1
15000.0,1,1,2,50,3,3,0,13552.0,11732.0,11435.0,1344.0,1163.0,1134.0,1
830000.0,2,2,2,64,1,-1,0,691967.0,725068.0,723076.0,199737.0,209292.0,208717.0,0
100000.0,2,4,2,60,-1,-1,0,76986.0,67678.0,70500.0,20592.0,18102.0,18857.0,0
65000.0,2,3,2,29,1,0,0,45116.0,38479.0,39714.0,8322.0,7098.0,7326.0,0
140000.0,2,3,2,48,3,0,0,30568.0,28737.0,24898.0,5064.0,4761.0,4125.0,1
85000.0,2,2,2,34,0,2,0,26704.0,26359.0,22855.0,4066.0,4014.0,3480.0,0
145000.0,1,2,2,50,3,2,-1,84930.0,75429.0,76122.0,4193.0,3724.0,3758.0,1
140000.0,1,1,2,53,-1,-1,-1,25795.0,25350.0,20828.0,3018.0,2966.0,2437.0,1
95000.0,2,2,1,33,1,-1,0,109156.0,114059.0,116013.0,27522.0,28758.0,29251.0,1
115000.0,2,4,2,41,3,-1,1,120140.0,113295.0,109560.0,25839.0,24367.0,23564.0,1
20000.0,1,1,1,24,-1,2,-1,7049.0,6011.0,5230.0,1359.0,1159.0,1009.0,0
20000.0,2,1,1,25,2,0,0,23186.0,19591.0,19184.0,4898.0,4139.0,4053.0,0
35000.0,1,2,2,26,0,3,0,30031.0,26421.0,24901.0,5856.0,5152.0,4855.0,1
110000.0,1,2,1,62,1,-1,3,97727.0,99090.0,101289.0,20337.0,20620.0,21078.0,1
60000.0,1,1,2,62,1,0,1,20022.0,19643.0,17174.0,4382.0,4299.0,3759.0,0
210000.0,2,1,1,65,-1,0,-1,118683.0,102696.0,86778.0,14484.0,12533.0,10590.0,0
335000.0,1,1,1,32,0,-1,1,80663.0,82778.0,83095.0,15994.0,16413.0,16476.0,0
140000.0,2,2,1,25,1,1,0,117258.0,95969.0,77737.0,20812.0,17034.0,13798.0,1
65000.0,1,1,2,51,1,1,1,76264.0,69002.0,67851.0,17880.0,16178.0,15908.0,1
115000.0,1,2,1,28,0,2,0,45139.0,38840.0,38886.0,2621.0,2255.0,2258.0,1
40000.0,1,1,2,52,0,-1,0,7029.0,5985.0,5517.0,1299.0,1106.0,1019.0,0
55000.0,1,1,2,28,0,0,-1,17381.0,15794.0,13178.0,4013.0,3647.0,3043.0,0
455000.0,2,2,1,54,1,-1,0,546000.0,458399.0,438024.0,36482.0,30629.0,29267.0,1
65000.0,2,1,2,45,2,0,-1,54123.0,47418.0,43697.0,13767.0,12061.0,11115.0,1
55000.0,2,3,2,32,3,1,1,62096.0,56146.0,57651.0,9294.0,8403.0,8628.0,1
5000.0,1,1,2,23,0,-1,0,4464.0,4551.0,3660.0,1229.0,1253.0,1007.0,0
30000.0,1,2,1,22,0,-1,3,19734.0,17392.0,15301.0,921.0,812.0,714.0,0
50000.0,1,2,1,33,0,2,2,25951.0,25555.0,22908.0,2840.0,2797.0,2507.0,1
20000.0,2,2,1,36,1,-1,0,19620.0,16406.0,15158.0,1660.0,1388.0,1282.0,0
90000.0,2,3,2,34,-1,0,1,61984.0,52274.0,54219.0,5731.0,4833.0,5013.0,0
45000.0,2,1,1,60,0,3,0,21376.0,19958.0,18919.0,1714.0,1601.0,1517.0,1
255000.0,1,3,1,22,2,0,1,205052.0,211439.0,170927.0,17014.0,17544.0,14182.0,1
105000.0,2,2,2,38,1,0,-1,28395.0,29139.0,30080.0,1934.0,1985.0,2049.0,0
125000.0,2,3,1,32,3,0,1,17234.0,16115.0,15143.0,1207.0,1129.0,1061.0,1
145000.0,2,2,1,23,-1,2,1,69444.0,56135.0,46796.0,20168.0,16302.0,13590.0,0
100000.0,2,2,1,63,1,-1,2,88458.0,92716.0,76176.0,10253.0,10746.0,8829.0,1
60000.0,2,3,2,32,-1,-1,0,9071.0,9075.0,8959.0,792.0,792.0,782.0,0
230000.0,1,1,2,63,0,-1,1,98017.0,98736.0,101803.0,26294.0,26487.0,27310.0,0
245000.0,2,3,2,21,-1,0,-1,136781.0,119440.0,124061.0,32222.0,28137.0,29225.0,0
25000.0,1,2,3,39,1,-1,2,28552.0,29745.0,29752.0,6422.0,6691.0,6692.0,0
160000.0,2,2,2,65,-1,-1,3,104085.0,91786.0,84930.0,24868.0,21930.0,20292.0,0
120000.0,1,2,1,35,-1,0,2,43162.0,43802.0,36243.0,7600.0,7713.0,6382.0,1
40000.0,2,1,2,49,2,1,-1,13676.0,11668.0,10225.0,2354.0,2009.0,1760.0,1
60000.0,1,2,1,34,0,0,0,72000.0,75229.0,61067.0,19138.0,19996.0,16232.0,1
20000.0,2,2,1,62,-1,1,1,11909.0,11879.0,9705.0,564.0,563.0,460.0,1
40000.0,1,1,2,38,0,1,1,7743.0,8103.0,6688.0,2025.0,2119.0,1749.0,0
30000.0,2,2,1,39,-1,1,-1,35022.0,33017.0,27574.0,9484.0,8941.0,7467.0,1
275000.0,1,3,1,29,1,1,-1,92067.0,94452.0,80067.0,24471.0,25105.0,21281.0,0
35000.0,1,3,1,62,-1,1,-1,25080.0,20627.0,21232.0,5068.0,4168.0,4290.0,0
145000.0,1,2,2,37,2,0,0,123787.0,101841.0,104930.0,19796.0,16287.0,16781.0,1
70000.0,1,1,1,53,0,2,0,35726.0,33980.0,33675.0,5938.0,5648.0,5597.0,1
135000.0,2,1,2,44,0,-1,-1,83536.0,81989.0,67870.0,9650.0,9471.0,7840.0,0
105000.0,1,2,1,34,0,1,2,42172.0,36104.0,36088.0,9891.0,8468.0,8464.0,1
45000.0,2,3,2,55,0,0,1,51927.0,52036.0,49143.0,9078.0,9097.0,8592.0,1
170000.0,2,2,3,66,3,0,-1,151682.0,153911.0,138127.0,32418.0,32894.0,29521.0,1
20000.0,1,1,1,62,3,-1,0,9195.0,9479.0,9880.0,1647.0,1698.0,1770.0,1
240000.0,1,1,2,30,0,0,2,219771.0,178725.0,160441.0,42475.0,34542.0,31009.0,0
195000.0,1,3,1,33,-1,2,-1,52717.0,43492.0,36033.0,10798.0,8909.0,7381.0,0
115000.0,2,2,2,54,0,0,3,138000.0,122886.0,129006.0,15322.0,13644.0,14323.0,1
190000.0,2,1,1,25,2,1,3,193214.0,200380.0,194752.0,33336.0,34573.0,33602.0,1
100000.0,2,3,2,22,1,-1,0,101469.0,91695.0,82548.0,7901.0,7140.0,6428.0,0
105000.0,2,2,2,24,1,0,-1,81538.0,78889.0,66362.0,8275.0,8006.0,6735.0,0
140000.0,2,2,2,49,0,2,3,53643.0,49008.0,45109.0,6718.0,6138.0,5649.0,0
320000.0,1,1,2,62,0,0,-1,148695.0,133433.0,110871.0,7006.0,6287.0,5224.0,0
85000.0,1,1,1,50,0,0,3,44900.0,44854.0,46320.0,12759.0,12746.0,13163.0,0
25000.0,2,4,1,57,2,-1,-1,20148.0,20466.0,17396.0,4275.0,4343.0,3691.0,0
60000.0,2,1,1,66,1,0,-1,59408.0,48416.0,47746.0,14233.0,11599.0,11439.0,1
145000.0,1,1,1,66,1,2,1,83218.0,72790.0,61015.0,15156.0,13257.0,11112.0,1
25000.0,1,2,1,65,1,-1,0,26466.0,25229.0,21764.0,2291.0,2183.0,1884.0,0
140000.0,1,1,3,59,0,3,1,74628.0,68408.0,58100.0,18210.0,16692.0,14177.0,1
150000.0,1,2,1,28,-1,3,0,120165.0,109089.0,100021.0,8182.0,7428.0,6810.0,0
30000.0,2,1,2,27,3,0,3,24420.0,21291.0,18303.0,2132.0,1859.0,1598.0,1
225000.0,2,1,1,66,0,0,-1,250764.0,262343.0,211494.0,34188.0,35766.0,28834.0,0
65000.0,2,4,2,31,0,2,1,38938.0,34296.0,35234.0,4724.0,4160.0,4274.0,1
115000.0,1,2,1,38,1,-1,-1,110999.0,115410.0,110867.0,20603.0,21421.0,20578.0,0
65000.0,2,2,1,50,0,1,-1,16763.0,13656.0,13247.0,690.0,562.0,545.0,1
50000.0,1,2,2,67,2,3,1,8810.0,7905.0,7378.0,1577.0,1415.0,1321.0,1
45000.0,2,2,1,51,-1,0,-1,39837.0,32413.0,32934.0,6113.0,4974.0,5054.0,0
185000.0,2,2,1,31,0,2,3,66932.0,62127.0,58779.0,6324.0,5870.0,5554.0,1
160000.0,2,3,1,60,0,0,0,25579.0,26334.0,23428.0,5750.0,5919.0,5266.0,0
60000.0,1,3,1,37,0,1,1,9406.0,7575.0,6876.0,2123.0,1710.0,1552.0,0
80000.0,2,2,2,36,-1,2,1,49923.0,43033.0,40778.0,9787.0,8436.0,7994.0,0
35000.0,1,1,2,59,0,0,2,8110.0,7383.0,6252.0,2165.0,1971.0,1669.0,1
150000.0,2,1,1,39,2,-1,1,163593.0,134935.0,122238.0,42868.0,35358.0,32031.0,1
110000.0,2,2,2,51,1,3,3,98194.0,88009.0,89492.0,12817.0,11487.0,11681.0,1
75000.0,1,2,1,33,3,1,3,63222.0,63272.0,59768.0,7008.0,7013.0,6625.0,1
50000.0,1,2,1,33,0,3,0,46957.0,39250.0,40417.0,5058.0,4228.0,4353.0,1
120000.0,2,1,2,33,0,0,-1,75630.0,66333.0,55095.0,6759.0,5928.0,4923.0,1
250000.0,1,1,2,57,0,-1,2,189912.0,169570.0,168111.0,19737.0,17623.0,17471.0,1
95000.0,1,3,1,35,1,-1,1,59453.0,58412.0,59359.0,14320.0,14070.0,14298.0,1
70000.0,1,1,1,28,0,0,-1,72417.0,72625.0,68022.0,19005.0,19060.0,17852.0,0
80000.0,1,1,1,44,2,0,0,83134.0,75575.0,71532.0,16780.0,15254.0,14438.0,1
175000.0,2,4,2,33,1,0,1,146435.0,151424.0,130856.0,36061.0,37290.0,32224.0,1
405000.0,2,2,2,38,0,3,2,339325.0,335575.0,343908.0,72066.0,71270.0,73039.0,0
150000.0,2,1,2,40,-1,0,-1,56099.0,56365.0,45173.0,13586.0,13650.0,10940.0,0
260000.0,1,2,1,24,1,1,1,219900.0,215731.0,207158.0,9535.0,9354.0,8982.0,1
170000.0,1,2,1,45,3,0,-1,199186.0,171403.0,141416.0,22900.0,19706.0,16259.0,1
190000.0,1,2,1,33,-1,2,1,71533.0,63727.0,51925.0,5570.0,4962.0,4043.0,0
110000.0,2,1,1,47,1,3,0,33131.0,27194.0,27964.0,9445.0,7752.0,7972.0,0
290000.0,2,2,2,32,1,0,0,55788.0,49244.0,41966.0,11108.0,9805.0,8356.0,0
140000.0,1,3,1,40,0,-1,1,118103.0,111405.0,104040.0,18048.0,17024.0,15899.0,1
60000.0,2,4,2,47,1,0,-1,37499.0,39243.0,36631.0,10146.0,10618.0,9911.0,0
325000.0,1,1,2,33,0,1,-1,166702.0,160653.0,145013.0,41808.0,40291.0,36368.0,0
95000.0,2,1,2,59,0,-1,-1,62466.0,51196.0,51371.0,5812.0,4764.0,4780.0,0
20000.0,2,2,2,66,-1,0,2,9556.0,8906.0,7219.0,2583.0,2408.0,1952.0,0
90000.0,2,2,1,57,0,1,1,96719.0,89343.0,87226.0,13933.0,12870.0,12565.0,1
140000.0,2,2,2,28,3,2,1,156420.0,141115.0,145810.0,7437.0,6709.0,6932.0,1
55000.0,2,2,2,49,2,1,1,45913.0,47934.0,38586.0,12152.0,12687.0,10213.0,1
55000.0,1,1,2,59,3,-1,-1,7921.0,8131.0,6802.0,2140.0,2196.0,1837.0,1
40000.0,1,2,2,61,3,1,0,28298.0,28352.0,24725.0,4285.0,4293.0,3744.0,1
90000.0,2,2,2,31,-1,2,0,57169.0,59761.0,55496.0,12632.0,13205.0,12262.0,0
120000.0,1,2,2,27,0,3,-1,44530.0,45993.0,38425.0,2820.0,2912.0,2433.0,1
55000.0,1,2,1,69,0,0,3,27916.0,22456.0,22847.0,1967.0,1582.0,1610.0,0
170000.0,2,1,1,30,1,2,0,103600.0,86782.0,87827.0,29358.0,24592.0,24888.0,0
60000.0,1,1,2,54,0,0,-1,65636.0,67318.0,69984.0,10809.0,11086.0,11526.0,1
240000.0,2,3,1,55,0,1,1,156680.0,149182.0,130447.0,10488.0,9986.0,8732.0,0
60000.0,2,1,1,56,-1,1,1,68222.0,67961.0,64129.0,18510.0,18439.0,17399.0,0
105000.0,1,1,2,29,-1,0,1,31942.0,32774.0,27368.0,5649.0,5796.0,4840.0,0
145000.0,2,1,2,62,1,3,-1,49801.0,40991.0,41328.0,3029.0,2493.0,2513.0,0
555000.0,1,1,2,58,2,1,0,333535.0,309930.0,273876.0,92144.0,85622.0,75662.0,0
45000.0,2,4,1,65,0,-1,1,36598.0,36541.0,30397.0,10655.0,10638.0,8850.0,0
20000.0,2,2,1,32,0,-1,0,20213.0,20070.0,19817.0,2720.0,2700.0,2666.0,0
90000.0,2,2,2,40,-1,1,2,90691.0,90524.0,92815.0,17097.0,17065.0,17497.0,1
840000.0,1,2,2,47,2,-1,0,815055.0,652682.0,665575.0,77957.0,62427.0,63660.0,0
230000.0,2,1,2,28,3,-1,-1,101683.0,94459.0,78359.0,25662.0,23839.0,19776.0,0
10000.0,2,1,1,42,-1,3,1,7272.0,6700.0,6694.0,1741.0,1604.0,1603.0,0
155000.0,2,2,1,64,1,-1,0,132150.0,107078.0,91401.0,34912.0,28289.0,24147.0,1
65000.0,2,2,1,31,-1,2,-1,43756.0,36391.0,33481.0,10542.0,8768.0,8067.0,0
215000.0,2,2,1,60,0,0,1,184654.0,155479.0,129977.0,40523.0,34121.0,28524.0,0
140000.0,1,2,3,52,-1,0,1,54846.0,51643.0,41751.0,2803.0,2639.0,2134.0,0
70000.0,2,1,1,49,0,0,-1,40365.0,36612.0,33660.0,2363.0,2144.0,1971.0,0
95000.0,2,2,2,40,-1,-1,-1,73982.0,74409.0,76536.0,4849.0,4877.0,5017.0,0
45000.0,1,2,3,56,0,2,0,49569.0,43659.0,43577.0,5026.0,4427.0,4418.0,1
85000.0,1,2,1,26,1,3,1,63221.0,65463.0,53878.0,17597.0,18221.0,14996.0,1
75000.0,2,1,1,43,-1,2,-1,20454.0,20994.0,16843.0,1529.0,1569.0,1259.0,0
25000.0,1,1,2,31,1,3,0,4902.0,4579.0,4137.0,1338.0,1250.0,1129.0,0
70000.0,2,3,2,63,0,1,-1,62314.0,62684.0,60852.0,13112.0,13190.0,12804.0,1
215000.0,2,1,2,33,-1,3,1,100421.0,100445.0,104806.0,10623.0,10626.0,11087.0,0
125000.0,1,2,2,31,0,-1,0,21309.0,18030.0,15863.0,1774.0,1501.0,1321.0,0
70000.0,2,2,1,24,1,3,-1,67385.0,60346.0,54469.0,17404.0,15586.0,14068.0,1
495000.0,2,3,2,25,0,-1,0,504481.0,483031.0,468419.0,71910.0,68853.0,66770.0,1
45000.0,1,3,1,59,1,-1,0,41542.0,34683.0,33243.0,6387.0,5333.0,5111.0,0
315000.0,1,4,2,69,1,1,0,221438.0,216189.0,179345.0,59634.0,58220.0,48298.0,0
35000.0,2,1,2,65,2,0,1,16937.0,15625.0,15130.0,5003.0,4616.0,4470.0,1
45000.0,2,1,2,58,1,0,0,9566.0,8160.0,7312.0,2557.0,2182.0,1955.0,0
210000.0,2,2,2,42,0,0,0,117197.0,122035.0,109497.0,10265.0,10689.0,9590.0,0
85000.0,2,2,2,25,-1,0,-1,30904.0,31183.0,30306.0,1331.0,1343.0,1306.0,0
250000.0,1,4,2,39,-1,-1,1,116316.0,120368.0,124821.0,24775.0,25638.0,26586.0,0
75000.0,2,2,2,24,-1,0,2,47738.0,42439.0,33958.0,1847.0,1642.0,1314.0,0
50000.0,2,1,2,25,-1,0,3,50249.0,51963.0,46561.0,14723.0,15225.0,13642.0,1
50000.0,1,2,2,56,0,2,-1,26831.0,26841.0,24048.0,4738.0,4740.0,4247.0,1
45000.0,2,2,2,69,1,1,2,24941.0,22667.0,20243.0,4642.0,4218.0,3767.0,0
130000.0,2,1,2,22,-1,-1,0,22241.0,21254.0,19726.0,5093.0,4867.0,4517.0,0
50000.0,2,1,1,51,1,0,0,55722.0,51012.0,50726.0,8820.0,8074.0,8029.0,1
15000.0,1,2,2,49,1,3,-1,11670.0,12207.0,9976.0,957.0,1001.0,818.0,1
105000.0,1,1,2,25,0,2,2,75965.0,76880.0,77468.0,11040.0,11173.0,11258.0,1
490000.0,2,4,1,28,-1,1,-1,284668.0,269198.0,254921.0,51912.0,49091.0,46487.0,0
265000.0,2,2,1,59,2,2,2,105996.0,102357.0,98864.0,8276.0,7992.0,7719.0,1
65000.0,2,3,2,67,0,-1,2,75537.0,66911.0,69083.0,18842.0,16690.0,17232.0,1
80000.0,2,1,2,55,1,1,-1,83485.0,71558.0,57618.0,7725.0,6621.0,5332.0,1
70000.0,2,3,1,55,0,0,-1,66938.0,66508.0,69196.0,13443.0,13357.0,13896.0,1
95000.0,2,1,1,51,-1,1,2,43396.0,43701.0,43469.0,7512.0,7565.0,7525.0,0
335000.0,2,2,2,67,1,1,1,49585.0,45779.0,41008.0,6368.0,5879.0,5266.0,0
130000.0,1,2,2,54,1,3,-1,126956.0,126713.0,102983.0,15909.0,15878.0,12905.0,1
230000.0,1,1,1,59,1,0,3,101430.0,92334.0,92765.0,20962.0,19082.0,19171.0,0
30000.0,2,3,1,43,1,1,1,30925.0,31165.0,29764.0,4826.0,4863.0,4645.0,1
225000.0,2,4,2,36,2,0,2,198067.0,168643.0,162626.0,39800.0,33887.0,32678.0,1
100000.0,1,2,2,69,-1,0,0,109505.0,98569.0,93483.0,23479.0,21134.0,20043.0,0
215000.0,2,3,1,62,1,-1,1,34865.0,33953.0,33443.0,9396.0,9150.0,9012.0,1
35000.0,2,1,1,21,1,2,0,28977.0,29549.0,25660.0,2310.0,2355.0,2045.0,1
105000.0,1,2,1,65,0,0,0,44964.0,43023.0,35851.0,1987.0,1901.0,1584.0,1
35000.0,1,2,1,31,1,0,2,36907.0,30964.0,27793.0,9520.0,7987.0,7169.0,1
35000.0,1,2,2,38,-1,2,1,39483.0,38075.0,35894.0,8853.0,8537.0,8048.0,0
250000.0,1,1,1,35,0,-1,1,125161.0,120573.0,102956.0,10821.0,10424.0,8901.0,0
280000.0,1,2,1,41,0,2,0,92812.0,97059.0,83059.0,7986.0,8351.0,7146.0,0
390000.0,1,3,1,50,0,0,-1,128970.0,111252.0,96178.0,17544.0,15134.0,13083.0,0
30000.0,2,1,1,62,0,-1,2,28515.0,28367.0,25610.0,4241.0,4219.0,3809.0,0
50000.0,2,2,2,62,0,2,3,58594.0,59879.0,51511.0,11632.0,11888.0,10226.0,1
30000.0,2,2,1,55,2,2,1,21109.0,17277.0,15595.0,5323.0,4356.0,3932.0,1
10000.0,2,1,2,34,-1,2,0,9900.0,9398.0,8123.0,1083.0,1028.0,889.0,1
95000.0,2,1,1,28,-1,-1,1,108924.0,87996.0,70619.0,9036.0,7300.0,5858.0,0
110000.0,1,1,2,50,0,0,0,71035.0,66923.0,65143.0,9948.0,9372.0,9123.0,1
60000.0,1,2,1,62,-1,0,-1,9305.0,8361.0,7130.0,1775.0,1595.0,1360.0,1
205000.0,2,3,1,65,1,2,3,147321.0,127409.0,103981.0,30180.0,26101.0,21301.0,1
120000.0,2,2,3,31,1,0,2,93629.0,91893.0,93796.0,21840.0,21435.0,21879.0,1
55000.0,2,2,1,36,3,3,2,13788.0,12602.0,11186.0,3836.0,3506.0,3112.0,1
120000.0,2,3,2,60,1,0,1,66027.0,66178.0,59147.0,17453.0,17493.0,15635.0,0
180000.0,1,2,2,67,1,1,2,102743.0,104509.0,87494.0,19520.0,19856.0,16623.0,0
45000.0,2,3,2,52,3,1,3,25998.0,26759.0,21804.0,6857.0,7058.0,5751.0,1
90000.0,2,1,2,21,0,-1,-1,79963.0,67419.0,69249.0,11088.0,9349.0,9603.0,1
405000.0,1,1,1,33,3,2,0,259391.0,225500.0,181176.0,31710.0,27566.0,22148.0,1
610000.0,2,2,2,54,0,1,2,92231.0,89517.0,80624.0,26296.0,25522.0,22987.0,0
250000.0,1,1,1,44,-1,-1,1,157972.0,144952.0,139435.0,17621.0,16169.0,15554.0,0
330000.0,1,2,2,39,1,1,1,275286.0,233781.0,215878.0,73270.0,62223.0,57458.0,1
60000.0,1,1,1,27,1,0,3,26743.0,27760.0,22959.0,2808.0,2915.0,2411.0,1
55000.0,2,2,2,25,3,0,0,12575.0,10215.0,9150.0,2993.0,2432.0,2178.0,0
115000.0,2,4,2,40,3,0,1,22130.0,22693.0,19467.0,6369.0,6531.0,5603.0,1
45000.0,1,1,1,47,2,0,-1,39808.0,36648.0,32463.0,5987.0,5512.0,4882.0,1
95000.0,2,1,3,37,0,2,1,86104.0,77991.0,65523.0,22341.0,20236.0,17001.0,0
80000.0,1,1,1,66,0,2,0,40125.0,37923.0,32679.0,11736.0,11092.0,9558.0,0
175000.0,2,1,2,27,-1,-1,2,191958.0,196154.0,159809.0,12441.0,12712.0,10357.0,0
210000.0,2,1,2,64,0,0,0,107404.0,94483.0,75754.0,31676.0,27865.0,22341.0,0
110000.0,1,2,1,69,-1,1,1,61858.0,56480.0,45371.0,13025.0,11893.0,9554.0,0
240000.0,2,2,1,61,1,1,-1,33722.0,34289.0,28351.0,4712.0,4792.0,3962.0,0
155000.0,1,3,2,69,0,1,1,136711.0,128126.0,114909.0,14024.0,13144.0,11788.0,0
200000.0,2,2,2,35,-1,2,0,134424.0,110899.0,113562.0,12397.0,10227.0,10473.0,0
195000.0,2,2,2,31,0,3,1,167409.0,157310.0,134417.0,9926.0,9327.0,7969.0,0
60000.0,1,2,1,43,1,1,2,42237.0,44049.0,36768.0,3047.0,3178.0,2653.0,1
335000.0,2,2,2,58,-1,-1,0,265124.0,264475.0,253511.0,47412.0,47296.0,45335.0,0
240000.0,2,1,2,60,2,1,-1,103344.0,90740.0,92112.0,11854.0,10409.0,10566.0,0
95000.0,1,2,1,32,1,1,0,87817.0,70261.0,68969.0,7889.0,6312.0,6196.0,0
30000.0,1,1,1,46,-1,2,0,12139.0,10032.0,8691.0,991.0,819.0,710.0,1
205000.0,2,2,2,58,0,0,3,39763.0,39958.0,33209.0,5889.0,5918.0,4918.0,0
280000.0,2,1,1,26,0,0,0,135098.0,120395.0,113516.0,25349.0,22590.0,21300.0,1
90000.0,2,1,1,46,2,-1,1,21255.0,19126.0,18694.0,2674.0,2406.0,2351.0,1
110000.0,1,1,2,48,0,1,1,73784.0,77395.0,68833.0,13346.0,13999.0,12451.0,1
475000.0,2,1,1,36,3,2,0,522064.0,529882.0,550958.0,136595.0,138641.0,144155.0,1
90000.0,2,1,2,55,1,0,-1,35460.0,34095.0,28599.0,3723.0,3580.0,3003.0,1
75000.0,2,2,1,31,0,-1,-1,51039.0,44877.0,38575.0,10201.0,8969.0,7710.0,0
65000.0,1,1,2,38,-1,-1,1,66866.0,58159.0,59957.0,12121.0,10543.0,10869.0,1
120000.0,2,2,1,54,0,0,0,20747.0,17939.0,15274.0,5468.0,4728.0,4025.0,0
25000.0,2,2,2,29,2,0,1,8578.0,8371.0,7055.0,1641.0,1601.0,1349.0,1
125000.0,1,1,1,36,-1,1,1,54344.0,50950.0,44592.0,14742.0,13821.0,12097.0,0
40000.0,1,1,2,31,1,0,0,24466.0,19837.0,16650.0,3408.0,2763.0,2319.0,1
30000.0,2,2,1,59,3,3,-1,23955.0,24151.0,20567.0,5487.0,5532.0,4711.0,1
35000.0,2,3,1,54,0,3,0,16722.0,15487.0,13989.0,3991.0,3696.0,3338.0,1
105000.0,2,1,2,25,-1,-1,-1,95276.0,95444.0,99679.0,5313.0,5322.0,5558.0,0
50000.0,2,2,1,40,0,-1,2,46548.0,41461.0,42834.0,8180.0,7286.0,7527.0,1
80000.0,2,3,3,55,1,0,2,56393.0,45145.0,38346.0,16552.0,13251.0,11255.0,1
55000.0,2,2,1,49,0,-1,-1,53842.0,48653.0,45337.0,9226.0,8337.0,7769.0,0
155000.0,2,3,1,63,1,0,3,103944.0,88362.0,74690.0,24615.0,20925.0,17688.0,0
250000.0,2,2,2,60,0,0,1,234585.0,240067.0,234773.0,34789.0,35602.0,34817.0,1
65000.0,2,2,2,47,1,2,0,70398.0,60167.0,59977.0,6480.0,5538.0,5521.0,1
95000.0,1,1,1,63,1,1,1,59811.0,58793.0,48964.0,7051.0,6931.0,5772.0,1
215000.0,1,1,1,61,-1,3,0,133965.0,116281.0,97904.0,39033.0,33880.0,28526.0,0
35000.0,1,1,2,35,0,2,0,36843.0,29658.0,27585.0,7353.0,5919.0,5505.0,1
85000.0,1,2,2,26,1,0,0,41460.0,38309.0,39125.0,8037.0,7427.0,7585.0,0
75000.0,2,2,1,65,0,1,-1,43946.0,37290.0,37921.0,6661.0,5652.0,5748.0,0
190000.0,1,2,2,52,2,0,0,75846.0,70452.0,65243.0,6538.0,6073.0,5624.0,1
210000.0,1,3,1,35,0,0,0,178655.0,172092.0,153934.0,23309.0,22453.0,20084.0,0
400000.0,2,2,2,42,0,1,-1,310179.0,256333.0,205624.0,30853.0,25497.0,20453.0,0
85000.0,1,4,2,55,-1,1,0,97862.0,95211.0,97315.0,18536.0,18034.0,18433.0,1
25000.0,1,2,2,69,2,0,0,28425.0,28956.0,25682.0,8416.0,8573.0,7604.0,1
205000.0,2,2,1,26,-1,2,-1,222940.0,231388.0,193178.0,28784.0,29875.0,24942.0,0
95000.0,1,3,2,48,0,2,2,35093.0,30801.0,24982.0,1372.0,1204.0,976.0,0
155000.0,2,1,2,27,0,0,0,128519.0,127330.0,103786.0,35093.0,34769.0,28340.0,1
130000.0,2,2,2,32,-1,0,1,114653.0,103490.0,92942.0,6184.0,5581.0,5013.0,1
405000.0,2,3,2,31,1,-1,-1,100596.0,100450.0,91778.0,4323.0,4317.0,3944.0,0
130000.0,1,2,2,64,2,1,0,32557.0,27503.0,27670.0,5845.0,4938.0,4968.0,1
165000.0,2,1,2,44,0,1,1,52957.0,48607.0,47399.0,9011.0,8271.0,8066.0,1
45000.0,2,3,1,64,1,0,2,39992.0,40419.0,34810.0,10740.0,10855.0,9349.0,1
365000.0,2,2,3,29,2,0,0,93650.0,77740.0,64278.0,27148.0,22536.0,18633.0,0
45000.0,2,2,2,44,0,1,1,49323.0,50576.0,47487.0,11256.0,11542.0,10837.0,1
20000.0,2,1,1,36,0,1,1,9455.0,9505.0,8893.0,2052.0,2063.0,1930.0,0
115000.0,2,2,2,36,2,3,3,64728.0,59585.0,52359.0,17158.0,15795.0,13880.0,1
290000.0,1,2,1,38,-1,3,0,46531.0,38334.0,35769.0,3070.0,2529.0,2360.0,0
85000.0,1,2,1,21,0,-1,-1,76405.0,64725.0,57830.0,21239.0,17992.0,16076.0,1
480000.0,2,1,3,59,2,0,1,191612.0,180621.0,184679.0,8279.0,7804.0,7979.0,1
55000.0,1,2,1,48,0,1,0,47868.0,42151.0,41965.0,10511.0,9256.0,9215.0,0
35000.0,2,4,1,59,0,3,-1,20284.0,16692.0,16209.0,4077.0,3355.0,3258.0,0
130000.0,1,1,2,37,-1,0,3,92304.0,95979.0,78912.0,23665.0,24607.0,20231.0,0
20000.0,2,4,2,49,3,-1,3,4469.0,3858.0,3145.0,1212.0,1046.0,853.0,1
50000.0,2,1,1,64,1,1,2,17930.0,18817.0,18466.0,3187.0,3344.0,3282.0,1
70000.0,2,1,1,32,-1,3,2,61068.0,62581.0,61774.0,6810.0,6979.0,6889.0,0
80000.0,2,2,2,48,1,1,0,39165.0,36730.0,34737.0,10202.0,9568.0,9049.0,1
60000.0,1,2,2,21,0,1,-1,66133.0,60300.0,50968.0,10813.0,9859.0,8333.0,1
95000.0,1,2,2,66,1,1,2,71084.0,68034.0,68547.0,10777.0,10315.0,10392.0,1
105000.0,2,1,1,53,1,-1,1,61528.0,52645.0,42930.0,9219.0,7888.0,6432.0,1
215000.0,1,2,3,51,-1,2,0,157068.0,132679.0,124703.0,6225.0,5258.0,4942.0,1
90000.0,2,2,2,53,0,-1,-1,87734.0,77657.0,74888.0,25855.0,22885.0,22069.0,0
125000.0,2,1,1,39,-1,0,-1,85794.0,76300.0,67716.0,6370.0,5665.0,5028.0,0
75000.0,2,2,1,46,0,0,0,18672.0,17690.0,17353.0,801.0,759.0,744.0,1
165000.0,1,2,1,50,0,1,1,99817.0,88799.0,84347.0,14114.0,12556.0,11926.0,1
145000.0,2,2,1,54,1,-1,2,92873.0,90149.0,78737.0,10254.0,9953.0,8693.0,0
80000.0,2,1,3,47,1,3,1,28090.0,24585.0,22618.0,3840.0,3361.0,3092.0,1
70000.0,1,1,1,59,1,1,0,76064.0,76767.0,64994.0,5820.0,5874.0,4973.0,1
25000.0,1,1,2,47,0,-1,-1,7476.0,6076.0,5878.0,1691.0,1374.0,1330.0,0
275000.0,1,2,1,41,0,-1,-1,273351.0,227355.0,192463.0,23879.0,19861.0,16813.0,1
45000.0,2,1,3,39,0,-1,-1,52998.0,54634.0,44713.0,7911.0,8155.0,6674.0,0
60000.0,2,2,2,29,-1,1,-1,39159.0,33623.0,31619.0,2149.0,1845.0,1735.0,1
85000.0,1,3,2,44,0,1,-1,91669.0,74204.0,76570.0,3748.0,3034.0,3131.0,1
400000.0,1,1,2,37,1,0,-1,465257.0,410414.0,430874.0,95091.0,83882.0,88064.0,1
45000.0,2,2,1,43,0,-1,0,7281.0,5834.0,5864.0,1965.0,1574.0,1582.0,0
450000.0,1,1,1,30,1,2,1,78531.0,66226.0,63472.0,7590.0,6401.0,6134.0,1
100000.0,2,2,1,42,0,2,2,14080.0,11792.0,11331.0,3885.0,3254.0,3127.0,1
65000.0,2,2,2,45,0,-1,0,40640.0,39452.0,39495.0,9419.0,9144.0,9154.0,1
545000.0,1,2,2,37,1,0,1,394451.0,393171.0,323490.0,87213.0,86930.0,71523.0,1
535000.0,2,2,2,66,-1,1,0,163210.0,160261.0,151683.0,9326.0,9158.0,8667.0,0
125000.0,1,3,2,50,1,0,2,54465.0,50701.0,49869.0,6940.0,6461.0,6355.0,0
80000.0,1,1,1,56,2,-1,1,41919.0,36809.0,37397.0,2059.0,1808.0,1837.0,1
35000.0,1,3,1,50,1,0,0,7089.0,7317.0,6119.0,1750.0,1806.0,1511.0,0
170000.0,2,1,3,29,0,0,3,152455.0,149109.0,154030.0,38432.0,37588.0,38829.0,1
210000.0,1,2,2,36,2,1,1,208954.0,175904.0,154275.0,58553.0,49292.0,43231.0,1
295000.0,2,2,2,62,-1,0,2,106246.0,91075.0,85481.0,7681.0,6584.0,6180.0,1
120000.0,2,1,2,69,-1,0,0,93598.0,95610.0,97009.0,5033.0,5141.0,5216.0,0
165000.0,1,2,2,22,0,0,1,144004.0,145031.0,132567.0,32839.0,33073.0,30231.0,1
80000.0,1,1,2,25,-1,1,-1,95148.0,97503.0,96693.0,19261.0,19738.0,19574.0,0
105000.0,1,1,2,26,0,-1,1,58819.0,48602.0,38895.0,9660.0,7982.0,6388.0,0
110000.0,2,1,2,21,1,-1,0,112624.0,117432.0,111282.0,28491.0,29708.0,28152.0,0
155000.0,2,1,2,67,0,-1,0,42530.0,36588.0,32435.0,6549.0,5634.0,4995.0,0
50000.0,1,1,1,65,3,-1,3,7873.0,6624.0,6164.0,1805.0,1519.0,1413.0,1
335000.0,2,3,3,58,-1,-1,-1,87347.0,85783.0,80474.0,3933.0,3863.0,3624.0,0
15000.0,1,4,1,50,1,0,1,12923.0,13068.0,12305.0,3276.0,3313.0,3119.0,1
155000.0,2,1,2,41,1,-1,0,28059.0,28443.0,25644.0,2981.0,3022.0,2725.0,0
160000.0,2,2,2,59,1,3,2,28263.0,23608.0,19875.0,6352.0,5306.0,4467.0,1
35000.0,1,1,2,67,2,0,1,6769.0,6961.0,6069.0,767.0,789.0,688.0,1
15000.0,2,1,2,29,0,2,2,13995.0,12128.0,10094.0,3249.0,2816.0,2344.0,1
100000.0,1,1,2,26,2,0,1,74329.0,77422.0,70367.0,14392.0,14991.0,13625.0,1
75000.0,1,1,2,54,1,2,1,74098.0,76650.0,80298.0,6009.0,6216.0,6512.0,1
155000.0,1,2,1,50,0,-1,2,29875.0,30579.0,28893.0,3177.0,3252.0,3072.0,0
305000.0,1,1,1,66,2,0,-1,110801.0,101896.0,104376.0,23095.0,21239.0,21756.0,1
785000.0,2,2,1,62,-1,1,-1,225717.0,212365.0,193614.0,8494.0,7992.0,7286.0,0
140000.0,1,1,2,27,0,1,1,78728.0,66721.0,65459.0,8786.0,7446.0,7305.0,1
65000.0,2,3,1,49,-1,-1,1,59865.0,58839.0,60439.0,9745.0,9578.0,9838.0,0
95000.0,2,1,2,31,1,1,0,37606.0,33815.0,29461.0,2952.0,2655.0,2313.0,0
70000.0,2,1,1,46,1,0,-1,32726.0,33949.0,34250.0,1414.0,1467.0,1480.0,1
390000.0,1,2,1,49,3,-1,-1,414061.0,367057.0,329677.0,34211.0,30328.0,27239.0,1
140000.0,2,3,1,62,3,0,1,151610.0,154986.0,130886.0,12176.0,12448.0,10512.0,1
165000.0,1,2,1,68,3,-1,0,165520.0,152769.0,142335.0,40888.0,37738.0,35160.0,0
190000.0,1,2,1,59,1,0,0,160641.0,147801.0,134262.0,7083.0,6517.0,5920.0,1
45000.0,1,3,2,21,0,0,-1,26819.0,22336.0,22689.0,4458.0,3713.0,3771.0,1
195000.0,1,1,2,50,-1,1,0,202907.0,181804.0,176917.0,36618.0,32809.0,31928.0,0
35000.0,2,1,2,54,0,2,-1,28764.0,26227.0,26343.0,3046.0,2778.0,2790.0,0
60000.0,1,2,2,46,1,2,3,38564.0,40407.0,37673.0,1606.0,1683.0,1569.0,1
30000.0,2,3,2,56,3,1,2,13625.0,13027.0,10837.0,1003.0,959.0,798.0,1
120000.0,2,3,2,32,0,1,0,84579.0,75269.0,63381.0,6592.0,5866.0,4940.0,0
170000.0,1,2,2,42,-1,-1,-1,162229.0,166164.0,146340.0,38378.0,39309.0,34619.0,0
25000.0,1,1,2,33,1,0,0,6792.0,6876.0,6184.0,1398.0,1415.0,1273.0,0
200000.0,2,1,2,38,1,1,-1,110930.0,109748.0,110985.0,21385.0,21157.0,21396.0,0
60000.0,1,2,2,57,-1,0,0,20479.0,17050.0,17258.0,3019.0,2514.0,2544.0,0
75000.0,1,3,1,55,-1,-1,-1,85122.0,85705.0,76109.0,18114.0,18238.0,16196.0,0
295000.0,2,2,1,47,0,1,1,187704.0,170496.0,142760.0,26465.0,24039.0,20128.0,0
140000.0,1,1,1,32,-1,0,-1,147346.0,143653.0,137928.0,6069.0,5917.0,5681.0,0
40000.0,2,1,1,35,1,1,1,24214.0,20756.0,21748.0,5419.0,4645.0,4867.0,0
210000.0,2,2,2,36,3,0,0,63806.0,52318.0,42812.0,7144.0,5858.0,4794.0,1
220000.0,1,3,2,64,0,3,1,156518.0,152412.0,123478.0,18431.0,17948.0,14541.0,1
95000.0,2,1,3,23,-1,0,2,98843.0,91608.0,87881.0,24328.0,22547.0,21630.0,1
320000.0,2,2,2,32,0,1,1,155683.0,126302.0,129374.0,39602.0,32128.0,32909.0,0
460000.0,1,1,3,67,0,-1,0,537185.0,536674.0,439703.0,89931.0,89845.0,73611.0,0
120000.0,1,4,2,42,0,1,2,37769.0,38295.0,34057.0,5638.0,5716.0,5084.0,1
145000.0,2,1,2,26,1,1,0,35151.0,34297.0,34755.0,3566.0,3480.0,3526.0,1
75000.0,1,2,2,39,2,1,0,68634.0,60965.0,50764.0,10696.0,9501.0,7911.0,1
90000.0,1,2,2,23,1,0,1,35329.0,28840.0,25103.0,9214.0,7522.0,6547.0,1
235000.0,2,1,1,68,1,1,1,35958.0,34156.0,31213.0,8552.0,8124.0,7424.0,1
70000.0,2,1,2,43,3,0,-1,80124.0,76182.0,71466.0,3284.0,3123.0,2929.0,1
110000.0,2,2,2,56,0,3,0,61766.0,58126.0,48918.0,2943.0,2770.0,2331.0,0
590000.0,1,2,2,53,-1,0,0,493470.0,405012.0,364342.0,32077.0,26327.0,23683.0,0
200000.0,1,2,2,57,2,0,1,204619.0,167847.0,156558.0,33958.0,27855.0,25982.0,0
85000.0,1,2,2,26,0,3,1,68414.0,62608.0,63649.0,13195.0,12075.0,12276.0,1
145000.0,1,2,2,26,3,1,0,159018.0,129352.0,135202.0,8213.0,6680.0,6983.0,1
110000.0,1,2,2,48,0,2,-1,30031.0,24242.0,24419.0,7082.0,5717.0,5758.0,0
30000.0,1,3,2,63,1,3,0,7640.0,6783.0,5964.0,322.0,286.0,251.0,1
170000.0,1,2,1,63,-1,-1,0,161120.0,157042.0,133904.0,43004.0,41916.0,35740.0,0
75000.0,1,3,1,67,-1,1,0,48460.0,40614.0,34881.0,11842.0,9925.0,8524.0,0
50000.0,1,2,1,22,1,1,0,31010.0,25071.0,22874.0,1677.0,1356.0,1237.0,1
50000.0,1,3,2,49,3,0,-1,22175.0,22865.0,21337.0,4862.0,5013.0,4678.0,1
55000.0,1,1,1,51,-1,0,0,46037.0,37197.0,37780.0,13552.0,10950.0,11121.0,0
410000.0,1,2,2,33,-1,3,0,297158.0,274475.0,280651.0,39736.0,36703.0,37529.0,0
10000.0,1,2,1,40,0,0,0,8670.0,7515.0,7656.0,1001.0,868.0,884.0,0
100000.0,1,2,2,46,2,3,2,88149.0,91244.0,84000.0,11964.0,12384.0,11401.0,1
40000.0,1,1,1,62,-1,0,1,36651.0,37469.0,31895.0,8946.0,9146.0,7785.0,0
30000.0,2,2,1,41,0,2,3,19112.0,17532.0,17861.0,762.0,699.0,712.0,1
115000.0,1,2,2,67,1,0,2,106089.0,97735.0,100649.0,22583.0,20805.0,21425.0,1
410000.0,2,1,2,56,0,-1,-1,473114.0,384400.0,309458.0,85792.0,69705.0,56115.0,0
105000.0,2,4,2,65,3,1,2,105362.0,96124.0,83494.0,18747.0,17103.0,14856.0,1
180000.0,2,1,1,39,-1,-1,1,100033.0,84561.0,78597.0,26035.0,22008.0,20456.0,0
275000.0,1,3,2,61,-1,-1,-1,246769.0,202311.0,182247.0,59317.0,48630.0,43808.0,0
255000.0,2,2,2,61,0,0,0,215784.0,189577.0,176310.0,19216.0,16882.0,15701.0,0
295000.0,2,1,3,32,0,3,3,138374.0,135087.0,115073.0,6962.0,6797.0,5790.0,1
200000.0,1,2,1,49,0,3,0,158618.0,160388.0,165743.0,25675.0,25962.0,26829.0,1
70000.0,2,2,2,25,0,1,-1,57635.0,51321.0,50334.0,9691.0,8629.0,8463.0,0
10000.0,1,1,2,24,0,-1,-1,2147.0,1772.0,1534.0,168.0,139.0,120.0,0
135000.0,1,2,2,52,-1,1,0,125108.0,125986.0,103044.0,17719.0,17844.0,14594.0,0
80000.0,1,2,2,40,3,0,-1,68998.0,67830.0,69768.0,14674.0,14426.0,14838.0,1
95000.0,2,2,2,60,1,0,1,113959.0,115290.0,93293.0,8316.0,8413.0,6808.0,1
50000.0,1,3,2,41,2,0,0,28216.0,28262.0,23641.0,2029.0,2032.0,1700.0,1
105000.0,2,1,2,58,3,-1,-1,72081.0,65040.0,67268.0,17050.0,15385.0,15912.0,1
125000.0,1,3,2,45,1,1,-1,110651.0,99189.0,98192.0,12104.0,10850.0,10741.0,1
35000.0,1,2,2,35,-1,0,-1,41287.0,42442.0,42364.0,4776.0,4910.0,4901.0,0
25000.0,1,3,1,52,1,1,1,18063.0,16337.0,16148.0,4266.0,3859.0,3814.0,1
165000.0,2,2,2,56,1,0,1,45681.0,37171.0,38072.0,10932.0,8895.0,9111.0,0
55000.0,2,3,1,46,0,0,1,33162.0,28229.0,23770.0,5293.0,4506.0,3794.0,0
80000.0,1,1,1,44,3,0,0,89607.0,91324.0,79282.0,10074.0,10267.0,8914.0,1
35000.0,1,1,1,62,1,0,2,41005.0,35857.0,33955.0,10640.0,9304.0,8810.0,1
60000.0,2,2,2,35,0,3,0,46716.0,37499.0,38370.0,4908.0,3940.0,4031.0,1
45000.0,2,4,2,54,-1,2,0,10864.0,11291.0,10809.0,1962.0,2039.0,1952.0,0
360000.0,2,4,2,48,3,-1,0,348473.0,363724.0,318808.0,19570.0,20426.0,17904.0,0
170000.0,1,2,2,56,-1,1,0,159007.0,141033.0,123188.0,29544.0,26204.0,22888.0,0
25000.0,1,1,1,64,2,3,0,5890.0,4814.0,4454.0,936.0,765.0,708.0,1
210000.0,2,1,1,62,2,2,-1,238843.0,193943.0,194184.0,18467.0,14996.0,15014.0,1
235000.0,1,4,2,25,0,2,0,42117.0,39224.0,37575.0,11901.0,11084.0,10618.0,0
75000.0,1,2,2,44,2,-1,-1,73383.0,74012.0,72143.0,8953.0,9030.0,8802.0,0
190000.0,2,1,1,66,1,0,0,54481.0,43735.0,45770.0,8205.0,6587.0,6893.0,1
205000.0,2,1,1,64,1,-1,-1,246000.0,223537.0,184456.0,67342.0,61193.0,50494.0,1
85000.0,1,2,1,60,0,-1,0,38584.0,33848.0,33280.0,2270.0,1991.0,1958.0,1
60000.0,1,3,2,27,2,2,1,14061.0,11534.0,11384.0,660.0,541.0,534.0,1
65000.0,2,1,2,30,1,1,0,73189.0,74208.0,76171.0,19623.0,19896.0,20422.0,1
65000.0,1,1,2,41,1,-1,1,33756.0,27330.0,23930.0,4473.0,3621.0,3171.0,1
220000.0,1,1,1,63,1,2,3,170886.0,176706.0,146255.0,32151.0,33246.0,27517.0,1
215000.0,2,3,1,48,-1,2,2,149491.0,121009.0,102243.0,25436.0,20590.0,17397.0,0
185000.0,1,2,3,69,1,0,1,35309.0,29076.0,29346.0,4031.0,3319.0,3350.0,1
75000.0,2,1,1,55,-1,0,3,63633.0,59244.0,58893.0,4314.0,4016.0,3992.0,0
190000.0,2,1,2,37,-1,1,0,33834.0,29786.0,24623.0,4003.0,3524.0,2913.0,0
130000.0,2,2,1,30,2,3,0,136358.0,117277.0,115465.0,17235.0,14823.0,14594.0,1
205000.0,2,1,2,30,0,1,0,125991.0,112288.0,96456.0,36434.0,32472.0,27893.0,0
205000.0,2,3,2,27,1,2,1,121887.0,113102.0,96397.0,5287.0,4906.0,4181.0,1
10000.0,2,3,2,57,-1,0,3,2047.0,2004.0,1644.0,526.0,515.0,422.0,0
70000.0,1,2,2,63,2,0,-1,51721.0,45651.0,40832.0,4239.0,3741.0,3346.0,0
90000.0,1,1,1,67,2,0,-1,80627.0,65295.0,61741.0,22463.0,18191.0,17201.0,0
100000.0,2,2,2,31,0,1,0,93491.0,79086.0,69804.0,21998.0,18609.0,16425.0,0
120000.0,1,2,1,41,-1,0,-1,86867.0,86524.0,82862.0,6850.0,6823.0,6534.0,0
115000.0,1,3,2,61,1,3,-1,22182.0,19300.0,17973.0,1135.0,988.0,920.0,1
205000.0,2,2,1,27,1,0,0,50826.0,48184.0,47075.0,10723.0,10166.0,9932.0,0
55000.0,2,3,1,25,-1,1,1,29144.0,28497.0,25029.0,5619.0,5495.0,4826.0,0
305000.0,2,1,2,34,1,1,0,288053.0,269034.0,226033.0,30120.0,28131.0,23635.0,0
110000.0,1,3,2,33,2,1,-1,36697.0,33064.0,31861.0,10502.0,9463.0,9118.0,1
50000.0,2,1,2,46,0,-1,1,54180.0,52130.0,49932.0,10021.0,9642.0,9235.0,1
90000.0,1,1,2,53,-1,3,-1,97672.0,95278.0,98473.0,13762.0,13424.0,13875.0,1
55000.0,2,2,2,63,-1,0,1,55494.0,49904.0,41958.0,9075.0,8161.0,6861.0,1
55000.0,1,1,2,53,0,-1,1,28113.0,24647.0,20693.0,2402.0,2106.0,1768.0,1
65000.0,1,1,1,67,2,0,2,58164.0,55431.0,53297.0,8741.0,8330.0,8010.0,0
330000.0,2,1,2,32,0,0,0,385011.0,364808.0,349690.0,39417.0,37348.0,35801.0,1
265000.0,2,1,1,23,3,0,1,208136.0,184847.0,150447.0,15081.0,13394.0,10901.0,1
70000.0,2,2,2,62,0,3,-1,24433.0,24265.0,20907.0,1389.0,1379.0,1189.0,1
15000.0,2,3,2,34,0,-1,1,10716.0,11197.0,11401.0,1495.0,1562.0,1591.0,1
120000.0,1,4,1,43,0,1,0,110106.0,101787.0,99144.0,21124.0,19528.0,19021.0,1
40000.0,1,1,1,29,3,-1,0,44384.0,40387.0,38163.0,10028.0,9125.0,8622.0,1
165000.0,1,1,2,65,-1,-1,3,100410.0,92271.0,87085.0,15040.0,13821.0,13044.0,0
85000.0,2,2,2,23,1,3,2,38282.0,31996.0,28640.0,5216.0,4360.0,3903.0,1
210000.0,1,3,2,41,0,-1,1,231997.0,231194.0,239043.0,40085.0,39946.0,41302.0,1
35000.0,2,2,2,37,0,1,3,23216.0,22652.0,21738.0,1128.0,1101.0,1056.0,0
135000.0,2,2,1,57,-1,1,-1,46693.0,47878.0,41478.0,8842.0,9066.0,7854.0,0
125000.0,1,3,1,51,0,3,-1,147038.0,121209.0,119103.0,16623.0,13703.0,13465.0,1
50000.0,1,3,2,53,-1,1,0,7321.0,6793.0,6063.0,863.0,800.0,714.0,0
185000.0,2,2,2,22,0,2,-1,83507.0,85588.0,75621.0,24460.0,25069.0,22150.0,0
240000.0,1,2,2,60,3,-1,0,90531.0,89883.0,79417.0,25312.0,25131.0,22204.0,1
190000.0,1,3,2,69,0,1,0,226109.0,226356.0,193237.0,42377.0,42423.0,36216.0,1
285000.0,1,2,2,41,1,-1,1,229172.0,196524.0,197051.0,12443.0,10670.0,10699.0,1
50000.0,2,1,2,36,0,0,1,23659.0,19967.0,17326.0,4650.0,3924.0,3405.0,1
80000.0,1,3,2,56,1,1,1,18575.0,15219.0,12474.0,1990.0,1631.0,1337.0,0
25000.0,2,1,1,52,2,0,0,5184.0,4545.0,3921.0,233.0,204.0,176.0,1
220000.0,2,2,1,25,-1,0,0,74745.0,78079.0,74448.0,19618.0,20493.0,19540.0,0
75000.0,1,2,2,32,1,0,-1,27731.0,24655.0,25366.0,3456.0,3072.0,3161.0,0
65000.0,2,2,1,60,0,-1,1,63832.0,61741.0,58914.0,8978.0,8684.0,8287.0,1
100000.0,1,2,3,34,0,3,1,65331.0,62462.0,57533.0,11368.0,10869.0,10011.0,0
90000.0,2,1,2,62,2,-1,1,94955.0,89908.0,75000.0,6513.0,6167.0,5144.0,1
235000.0,2,3,2,24,1,2,0,206480.0,207522.0,200197.0,18885.0,18981.0,18311.0,1
55000.0,2,2,1,21,1,1,0,64451.0,60802.0,62578.0,7870.0,7425.0,7641.0,1
45000.0,2,2,1,36,2,1,-1,54000.0,43739.0,42417.0,13719.0,11112.0,10777.0,1
95000.0,2,2,2,52,2,0,-1,42088.0,43886.0,45115.0,5694.0,5937.0,6103.0,0
45000.0,2,3,2,45,-1,1,0,16439.0,14602.0,13371.0,3405.0,3024.0,2769.0,0
65000.0,1,3,1,38,-1,1,-1,58241.0,58392.0,57904.0,5362.0,5376.0,5331.0,0
185000.0,2,2,2,60,-1,3,-1,187580.0,188190.0,183364.0,9645.0,9677.0,9429.0,1
90000.0,2,4,1,27,3,1,3,80168.0,71861.0,71663.0,14616.0,13101.0,13065.0,1
35000.0,1,2,2,34,1,1,0,34488.0,28159.0,24979.0,5839.0,4768.0,4229.0,1
195000.0,1,2,1,57,0,0,0,223415.0,183734.0,157632.0,64714.0,53220.0,45660.0,0
75000.0,1,3,2,24,0,-1,0,80832.0,65384.0,61459.0,21455.0,17354.0,16313.0,1
25000.0,1,2,2,41,1,2,2,20846.0,19289.0,18086.0,3131.0,2897.0,2717.0,1
165000.0,2,2,2,30,1,0,1,155344.0,129491.0,125300.0,35196.0,29338.0,28389.0,1
110000.0,1,1,2,45,-1,0,2,21612.0,22231.0,21334.0,3507.0,3607.0,3462.0,0
55000.0,2,1,2,41,2,-1,0,28938.0,26091.0,24751.0,7952.0,7170.0,6802.0,1
105000.0,2,3,2,69,2,1,0,110981.0,105585.0,100499.0,23036.0,21916.0,20861.0,1
155000.0,2,3,2,66,-1,0,2,26923.0,23508.0,19891.0,2930.0,2559.0,2165.0,1
20000.0,1,1,2,35,3,1,0,13373.0,11419.0,11334.0,2349.0,2006.0,1991.0,0
65000.0,1,3,1,29,1,1,-1,75567.0,69476.0,69086.0,13889.0,12769.0,12698.0,0
80000.0,1,1,1,27,0,3,1,48795.0,46158.0,46867.0,11246.0,10639.0,10802.0,1
90000.0,1,2,1,39,0,0,-1,31010.0,26019.0,21923.0,3585.0,3008.0,2534.0,0
360000.0,2,2,2,53,0,-1,3,98894.0,100973.0,86186.0,17646.0,18017.0,15378.0,0
135000.0,2,1,2,56,1,1,1,52626.0,42374.0,43740.0,9683.0,7796.0,8048.0,1
405000.0,1,1,1,29,-1,3,-1,301143.0,247395.0,252941.0,36189.0,29730.0,30397.0,1
110000.0,2,4,2,37,-1,0,-1,87780.0,71622.0,60444.0,9909.0,8085.0,6823.0,0
295000.0,1,2,2,53,-1,1,1,197334.0,182625.0,151688.0,48317.0,44716.0,37141.0,1
190000.0,2,1,1,27,2,3,-1,72523.0,73095.0,73355.0,6466.0,6517.0,6541.0,1
295000.0,1,1,2,62,-1,3,-1,178264.0,154695.0,135558.0,15360.0,13330.0,11681.0,0
120000.0,2,1,2,38,-1,1,0,137345.0,117122.0,97994.0,34567.0,29477.0,24663.0,0
40000.0,2,1,1,44,0,-1,1,18661.0,15490.0,15496.0,1374.0,1140.0,1141.0,0
190000.0,2,3,2,53,-1,0,-1,117426.0,104603.0,99167.0,15860.0,14128.0,13394.0,0
55000.0,2,2,2,25,1,2,1,19063.0,16965.0,15602.0,1294.0,1151.0,1059.0,1
145000.0,1,1,1,67,1,1,-1,103149.0,95711.0,80401.0,19155.0,17774.0,14931.0,0
65000.0,1,2,2,54,3,1,-1,36842.0,37200.0,33833.0,10330.0,10430.0,9486.0,1
470000.0,1,2,2,53,-1,-1,1,211724.0,181766.0,150316.0,10079.0,8653.0,7156.0,1
145000.0,1,2,2,37,-1,1,0,129054.0,116874.0,115559.0,14468.0,13102.0,12955.0,0
60000.0,1,2,2,56,0,1,-1,40423.0,40225.0,39913.0,6881.0,6847.0,6794.0,0
335000.0,1,1,2,28,0,0,-1,178088.0,162247.0,163361.0,50818.0,46298.0,46616.0,1
265000.0,2,2,2,22,0,0,0,191925.0,155054.0,134929.0,37948.0,30658.0,26679.0,0
70000.0,2,2,3,52,0,1,1,24849.0,22703.0,22579.0,6010.0,5491.0,5461.0,0
50000.0,2,1,1,40,0,-1,0,49755.0,51796.0,41755.0,14132.0,14712.0,11860.0,0
30000.0,2,3,1,59,3,-1,-1,26527.0,24140.0,22875.0,4519.0,4113.0,3897.0,1
95000.0,1,1,1,27,3,-1,-1,63946.0,53828.0,51512.0,17407.0,14653.0,14022.0,1
20000.0,2,2,2,26,1,-1,0,23647.0,19415.0,17215.0,5628.0,4621.0,4097.0,1
40000.0,2,2,2,27,-1,0,0,32855.0,27632.0,25944.0,1746.0,1468.0,1379.0,1
115000.0,2,1,3,35,2,-1,3,75841.0,64925.0,65986.0,6896.0,5904.0,6000.0,1
135000.0,2,1,2,43,1,0,1,105988.0,100200.0,95600.0,12441.0,11762.0,11222.0,0
245000.0,1,2,2,23,2,0,-1,149415.0,126715.0,132437.0,10374.0,8798.0,9195.0,1
140000.0,1,1,2,64,0,1,0,143277.0,117912.0,96927.0,7737.0,6368.0,5234.0,1
90000.0,1,1,1,69,2,3,1,84085.0,70157.0,70972.0,23086.0,19262.0,19486.0,1
20000.0,1,2,1,67,1,0,3,10248.0,10668.0,8959.0,1174.0,1222.0,1026.0,1
85000.0,2,2,1,46,1,1,-1,78793.0,68166.0,69567.0,3662.0,3168.0,3234.0,0
375000.0,1,2,1,58,0,0,0,204650.0,191966.0,200489.0,27928.0,26197.0,27360.0,0
85000.0,2,2,2,62,1,1,-1,36258.0,35473.0,31814.0,9645.0,9436.0,8462.0,1
75000.0,2,3,2,49,1,0,3,33955.0,33781.0,31601.0,7467.0,7429.0,6950.0,1
270000.0,2,2,1,69,0,1,1,231985.0,233560.0,215758.0,52083.0,52436.0,48440.0,1
155000.0,1,2,2,28,-1,2,-1,23434.0,23094.0,21856.0,3055.0,3011.0,2849.0,0
35000.0,1,4,2,47,1,1,1,20089.0,18677.0,19291.0,2552.0,2373.0,2451.0,1
170000.0,2,1,1,31,0,1,-1,107750.0,105186.0,100602.0,21640.0,21125.0,20205.0,0
80000.0,2,2,2,66,0,-1,2,61816.0,59801.0,52873.0,9117.0,8820.0,7798.0,1
230000.0,2,2,2,27,-1,1,2,177018.0,152567.0,128921.0,21364.0,18413.0,15560.0,0
175000.0,1,3,2,57,1,-1,1,192153.0,197210.0,205848.0,49328.0,50627.0,52844.0,0
315000.0,1,1,2,62,0,-1,-1,252185.0,223640.0,227492.0,54269.0,48126.0,48955.0,1
170000.0,1,2,2,67,0,1,2,53528.0,54310.0,44554.0,4956.0,5028.0,4125.0,0
105000.0,1,2,2,60,1,0,0,107557.0,109606.0,92240.0,21792.0,22207.0,18689.0,0
275000.0,1,1,1,23,0,0,0,296679.0,304678.0,280742.0,42152.0,43288.0,39887.0,0
75000.0,1,3,1,23,1,3,0,71457.0,66850.0,55593.0,20186.0,18885.0,15705.0,1
45000.0,2,1,1,42,0,-1,1,29360.0,30273.0,26523.0,2642.0,2724.0,2386.0,0
120000.0,1,1,1,41,-1,2,0,137115.0,138741.0,137005.0,36236.0,36666.0,36207.0,0
140000.0,2,1,2,21,0,2,0,135125.0,125999.0,116015.0,33393.0,31138.0,28670.0,0
15000.0,2,4,1,24,0,1,1,16199.0,15266.0,14889.0,721.0,679.0,662.0,1
165000.0,2,1,2,31,-1,1,1,65051.0,65193.0,65965.0,6558.0,6572.0,6650.0,0
315000.0,1,2,1,23,0,0,0,149042.0,132079.0,120290.0,18959.0,16802.0,15302.0,0
40000.0,1,1,1,58,0,0,-1,37476.0,34989.0,33171.0,3584.0,3346.0,3172.0,0
50000.0,2,4,2,41,-1,-1,2,37583.0,30714.0,31260.0,1472.0,1203.0,1224.0,0
150000.0,2,3,3,47,3,-1,0,31186.0,28908.0,27786.0,5861.0,5433.0,5222.0,0
30000.0,1,2,1,32,3,-1,3,4327.0,4088.0,3925.0,838.0,791.0,760.0,1
45000.0,2,2,2,62,-1,0,1,7124.0,7295.0,6977.0,1778.0,1820.0,1741.0,0
165000.0,1,2,2,30,1,1,1,176890.0,162866.0,132252.0,22046.0,20298.0,16482.0,0
175000.0,2,1,1,27,0,-1,2,146786.0,138427.0,138659.0,11378.0,10730.0,10748.0,1
145000.0,2,1,2,58,1,-1,1,59803.0,55122.0,56211.0,14414.0,13286.0,13549.0,0
45000.0,2,2,1,62,2,-1,1,34095.0,33651.0,32473.0,9124.0,9005.0,8690.0,1
475000.0,1,4,2,40,0,-1,-1,431610.0,404108.0,418381.0,71313.0,66769.0,69128.0,0
100000.0,2,1,1,23,0,-1,-1,73741.0,60332.0,48602.0,18856.0,15427.0,12428.0,0
25000.0,1,2,2,21,1,1,0,26657.0,25796.0,25409.0,6026.0,5832.0,5744.0,1
140000.0,2,3,2,30,0,0,0,98398.0,100436.0,82004.0,19826.0,20236.0,16523.0,0
85000.0,2,2,2,26,3,-1,-1,25684.0,24435.0,24557.0,2625.0,2497.0,2510.0,1
15000.0,1,1,1,43,1,2,1,7153.0,6398.0,5163.0,1999.0,1788.0,1443.0,1
215000.0,2,3,2,54,1,1,1,94618.0,92957.0,89276.0,20870.0,20504.0,19692.0,1
50000.0,1,1,2,56,1,0,0,9123.0,9102.0,8686.0,1793.0,1789.0,1707.0,0
185000.0,1,1,2,66,1,0,0,169396.0,175641.0,143051.0,24032.0,24918.0,20294.0,0
100000.0,2,1,1,34,0,-1,-1,98333.0,92562.0,93099.0,20500.0,19297.0,19409.0,0
130000.0,2,1,1,54,1,0,2,95932.0,86409.0,84781.0,23592.0,21250.0,20849.0,1
30000.0,2,1,2,27,2,1,0,33031.0,27660.0,22331.0,3668.0,3072.0,2480.0,1
120000.0,2,2,2,64,-1,0,0,63215.0,55512.0,49094.0,9977.0,8761.0,7748.0,0
25000.0,2,2,1,59,3,1,0,13209.0,13136.0,13685.0,3195.0,3177.0,3310.0,1
80000.0,1,2,2,44,-1,3,-1,24779.0,20286.0,18957.0,5462.0,4471.0,4178.0,0
90000.0,2,2,2,49,-1,0,1,47762.0,47935.0,45994.0,2131.0,2139.0,2053.0,0
500000.0,2,1,2,63,2,-1,0,345864.0,338544.0,326710.0,90228.0,88318.0,85231.0,0
165000.0,2,3,2,42,-1,-1,0,33855.0,28934.0,23789.0,7038.0,6015.0,4945.0,0
150000.0,1,3,2,40,2,0,-1,148499.0,155553.0,162437.0,11599.0,12150.0,12688.0,1
55000.0,1,2,2,62,-1,-1,-1,65102.0,54926.0,55160.0,4054.0,3421.0,3435.0,1
125000.0,2,1,1,37,2,1,0,144563.0,132966.0,118272.0,20017.0,18411.0,16377.0,1
55000.0,1,2,2,30,0,1,0,16943.0,16578.0,13489.0,2097.0,2052.0,1670.0,0
70000.0,2,2,2,25,0,3,3,22920.0,23156.0,22250.0,4482.0,4528.0,4351.0,1
30000.0,2,1,2,61,1,1,3,12516.0,10171.0,10069.0,2312.0,1879.0,1860.0,1
25000.0,1,2,2,40,3,-1,0,27017.0,27903.0,28077.0,6304.0,6511.0,6552.0,0
145000.0,2,2,2,69,2,3,1,166328.0,138328.0,115883.0,15988.0,13297.0,11139.0,1
225000.0,1,2,1,58,-1,0,3,64130.0,57891.0,57011.0,3982.0,3595.0,3540.0,0
115000.0,1,2,1,58,3,-1,-1,109009.0,109770.0,111684.0,5816.0,5857.0,5959.0,1
25000.0,1,1,1,25,1,0,1,3462.0,3566.0,3211.0,1015.0,1045.0,941.0,1
20000.0,2,1,2,45,3,-1,3,17611.0,14371.0,14182.0,2838.0,2316.0,2285.0,1
150000.0,2,1,1,34,-1,-1,1,94089.0,89259.0,74424.0,8508.0,8072.0,6730.0,0
25000.0,2,1,2,29,0,3,1,11156.0,10172.0,9021.0,3290.0,3000.0,2661.0,1
40000.0,2,1,2,66,1,1,0,17378.0,15898.0,14259.0,4593.0,4202.0,3769.0,0
40000.0,2,2,1,23,1,0,1,35523.0,30612.0,26457.0,1497.0,1290.0,1115.0,0
35000.0,2,1,1,30,1,-1,0,25366.0,22323.0,20145.0,3347.0,2946.0,2658.0,0
240000.0,1,1,2,29,0,-1,1,268243.0,222162.0,211398.0,39559.0,32763.0,31176.0,1
20000.0,2,2,2,68,0,-1,0,14307.0,13634.0,11676.0,1271.0,1211.0,1037.0,0
125000.0,1,1,1,43,0,1,-1,75970.0,72103.0,74449.0,11231.0,10659.0,11006.0,0
185000.0,2,2,2,32,0,-1,1,92490.0,78788.0,81949.0,7237.0,6165.0,6412.0,0
185000.0,2,1,1,46,1,1,1,75930.0,72413.0,73158.0,7666.0,7311.0,7386.0,0
85000.0,2,1,2,52,0,-1,1,85414.0,69492.0,64822.0,15447.0,12567.0,11723.0,0
105000.0,2,1,1,46,-1,-1,-1,98424.0,94662.0,79701.0,20052.0,19285.0,16237.0,0
215000.0,2,2,2,23,1,2,3,198230.0,196302.0,167319.0,53065.0,52548.0,44790.0,1
90000.0,2,2,1,48,1,1,3,62735.0,54198.0,44539.0,9701.0,8381.0,6887.0,0
490000.0,2,1,2,63,1,0,3,280911.0,275631.0,248305.0,63838.0,62638.0,56428.0,0
175000.0,1,2,1,44,2,-1,-1,72516.0,58198.0,47943.0,18109.0,14533.0,11972.0,0
140000.0,2,2,1,33,2,1,2,115447.0,95052.0,96592.0,22165.0,18250.0,18545.0,1
90000.0,1,2,2,23,3,0,-1,105355.0,95267.0,78560.0,26720.0,24162.0,19925.0,1
295000.0,2,1,2,42,-1,-1,2,143883.0,131418.0,136472.0,33120.0,30251.0,31414.0,0
85000.0,2,3,1,33,0,1,1,38556.0,33793.0,34038.0,9367.0,8210.0,8269.0,0
390000.0,2,1,2,53,1,1,3,320854.0,323318.0,291244.0,36786.0,37068.0,33391.0,1
75000.0,2,2,2,46,2,2,1,42963.0,39825.0,38521.0,6211.0,5757.0,5569.0,1
255000.0,1,3,1,35,-1,-1,0,188723.0,179931.0,157143.0,16765.0,15984.0,13959.0,0
100000.0,2,2,1,32,-1,0,3,68205.0,71277.0,60393.0,15598.0,16300.0,13811.0,0
335000.0,2,2,1,24,-1,1,0,100757.0,101933.0,105572.0,29672.0,30018.0,31090.0,0
105000.0,2,2,2,51,0,1,0,29506.0,24751.0,25801.0,6356.0,5331.0,5558.0,1
160000.0,1,2,2,54,1,0,1,175512.0,178816.0,152357.0,21035.0,21431.0,18260.0,0
125000.0,2,3,2,27,0,0,2,124235.0,110288.0,93925.0,11025.0,9787.0,8335.0,1
180000.0,2,2,2,38,-1,1,0,25898.0,22606.0,23293.0,1069.0,934.0,962.0,0
75000.0,1,2,2,41,-1,-1,0,37066.0,38072.0,31629.0,1612.0,1656.0,1376.0,0
145000.0,2,2,2,57,0,0,0,149652.0,139021.0,131528.0,6840.0,6354.0,6011.0,0
15000.0,2,2,3,66,-1,-1,1,7167.0,7237.0,6588.0,313.0,316.0,288.0,0
140000.0,1,2,2,42,-1,0,0,125483.0,102693.0,91258.0,5445.0,4456.0,3960.0,0
85000.0,2,1,1,51,3,0,0,98249.0,101807.0,86177.0,6356.0,6586.0,5575.0,1
170000.0,1,2,1,27,2,0,-1,104919.0,106469.0,103549.0,6195.0,6287.0,6114.0,1
160000.0,2,2,2,26,2,1,-1,134071.0,136309.0,118995.0,18003.0,18303.0,15978.0,1
55000.0,1,2,1,66,0,3,1,63008.0,51995.0,42166.0,17782.0,14674.0,11900.0,1
775000.0,1,2,3,31,0,1,1,593200.0,497304.0,414761.0,124332.0,104233.0,86932.0,0
50000.0,2,2,2,64,-1,0,1,48193.0,48601.0,50797.0,6730.0,6787.0,7094.0,0
180000.0,2,3,2,55,2,-1,3,39347.0,33765.0,30803.0,3080.0,2643.0,2411.0,0
175000.0,2,4,3,53,2,3,0,210000.0,185841.0,155690.0,52112.0,46117.0,38635.0,1
130000.0,2,1,2,32,0,3,-1,107441.0,95186.0,77656.0,21624.0,19158.0,15629.0,1
110000.0,1,1,2,59,2,1,0,111580.0,103778.0,106869.0,8892.0,8270.0,8516.0,0
55000.0,1,1,2,44,0,0,0,22957.0,19111.0,15991.0,5029.0,4187.0,3503.0,0
345000.0,1,2,2,33,1,1,1,254635.0,252582.0,262747.0,49762.0,49360.0,51347.0,1
210000.0,2,2,1,27,3,1,0,112917.0,100862.0,90267.0,8635.0,7713.0,6903.0,1
85000.0,2,2,2,32,-1,0,1,25433.0,24372.0,22620.0,6513.0,6242.0,5793.0,0
145000.0,1,3,1,60,0,-1,0,123059.0,127410.0,119499.0,33737.0,34930.0,32761.0,0
205000.0,2,1,1,36,-1,3,0,97957.0,81517.0,78067.0,28905.0,24054.0,23036.0,0
60000.0,1,2,1,32,0,-1,0,60481.0,57180.0,45911.0,12973.0,12265.0,9848.0,0
315000.0,2,2,1,35,-1,0,2,351907.0,282813.0,241593.0,30210.0,24279.0,20740.0,0
20000.0,2,3,2,67,-1,-1,1,24000.0,21600.0,19087.0,1985.0,1787.0,1579.0,0
95000.0,2,2,2,32,-1,1,1,62684.0,51936.0,45724.0,7180.0,5949.0,5238.0,0
345000.0,2,2,2,33,-1,1,-1,286231.0,233741.0,239399.0,55429.0,45265.0,46360.0,0
75000.0,2,2,1,63,1,1,-1,42267.0,34873.0,33529.0,8801.0,7261.0,6981.0,0
165000.0,1,3,1,56,1,2,2,186662.0,159235.0,167054.0,50840.0,43370.0,45500.0,1
40000.0,2,2,1,46,1,-1,3,44164.0,44735.0,45994.0,5906.0,5982.0,6151.0,1
120000.0,2,2,1,60,1,0,-1,97567.0,86010.0,86193.0,16767.0,14781.0,14812.0,1
15000.0,1,2,1,32,-1,3,0,16880.0,14641.0,14257.0,3446.0,2989.0,2911.0,1
230000.0,2,2,2,39,1,0,0,32572.0,33622.0,35241.0,9631.0,9941.0,10420.0,0
230000.0,1,2,2,37,-1,1,-1,192362.0,182522.0,162723.0,31397.0,29791.0,26560.0,0
200000.0,2,3,2,68,2,2,-1,81819.0,72917.0,60891.0,18600.0,16577.0,13843.0,1
200000.0,1,1,1,35,3,1,1,208906.0,202731.0,190923.0,12519.0,12149.0,11442.0,1
95000.0,1,1,2,28,0,2,2,27243.0,28562.0,27922.0,6921.0,7256.0,7093.0,1
45000.0,2,2,1,34,3,0,0,13029.0,12761.0,10468.0,508.0,498.0,408.0,1
110000.0,1,1,2,42,1,-1,2,99387.0,81447.0,77779.0,9898.0,8111.0,7746.0,0
185000.0,1,2,1,24,1,2,0,65160.0,57575.0,47015.0,3219.0,2844.0,2322.0,0
240000.0,2,2,1,66,0,0,3,82786.0,67101.0,65375.0,10435.0,8458.0,8240.0,1
90000.0,1,1,2,32,-1,-1,2,98005.0,102862.0,91402.0,17889.0,18775.0,16683.0,1
185000.0,2,2,2,29,-1,1,-1,56258.0,55549.0,56371.0,6469.0,6388.0,6482.0,0
440000.0,1,2,2,45,0,-1,-1,315163.0,322940.0,286388.0,32400.0,33200.0,29442.0,0
50000.0,2,2,3,58,0,1,0,43799.0,37550.0,38877.0,4022.0,3448.0,3570.0,1
90000.0,1,1,3,62,1,0,3,42256.0,41034.0,36140.0,5085.0,4938.0,4349.0,1
95000.0,1,2,1,61,3,0,1,87193.0,75219.0,63892.0,10083.0,8699.0,7389.0,1
170000.0,1,1,2,34,1,-1,-1,160389.0,138392.0,136281.0,36927.0,31862.0,31376.0,1
130000.0,2,2,1,67,0,-1,-1,156000.0,132896.0,110572.0,25546.0,21763.0,18107.0,0
125000.0,2,4,1,36,-1,2,2,122906.0,118129.0,99402.0,5090.0,4893.0,4117.0,1
120000.0,2,2,1,63,1,-1,1,32995.0,29019.0,28330.0,4111.0,3616.0,3530.0,0
125000.0,2,1,3,57,1,0,0,116352.0,115478.0,108864.0,9992.0,9917.0,9349.0,0
100000.0,2,2,1,37,0,2,-1,16762.0,13598.0,13062.0,2513.0,2039.0,1958.0,0
195000.0,2,4,1,22,0,-1,3,50942.0,52455.0,45342.0,5544.0,5708.0,4934.0,0
145000.0,1,1,1,24,-1,1,-1,31943.0,27615.0,26242.0,4617.0,3991.0,3793.0,0
45000.0,2,1,1,62,1,0,2,20179.0,16456.0,15200.0,1734.0,1414.0,1306.0,1
35000.0,1,2,1,38,1,1,-1,39890.0,39139.0,37401.0,9814.0,9629.0,9202.0,1
45000.0,1,1,2,65,-1,1,1,48556.0,43914.0,43672.0,8553.0,7735.0,7692.0,0
75000.0,1,2,2,56,0,-1,-1,18362.0,17298.0,15021.0,1526.0,1438.0,1248.0,0
95000.0,2,2,2,32,-1,0,0,39335.0,32619.0,28005.0,9440.0,7828.0,6721.0,0
135000.0,1,2,1,26,-1,0,2,103019.0,95581.0,82352.0,8720.0,8090.0,6970.0,1
200000.0,1,2,2,29,-1,1,1,169355.0,163031.0,147736.0,21035.0,20249.0,18350.0,0
95000.0,2,3,3,37,0,-1,0,83683.0,87834.0,88946.0,22944.0,24082.0,24387.0,0
30000.0,1,2,2,39,1,1,0,24258.0,23824.0,21362.0,2144.0,2106.0,1888.0,1
90000.0,2,1,2,29,0,0,-1,72517.0,60415.0,56738.0,6094.0,5077.0,4768.0,1
65000.0,1,3,3,27,-1,0,-1,69004.0,64580.0,56117.0,12774.0,11955.0,10388.0,0
60000.0,1,2,2,57,-1,1,1,24524.0,20380.0,16853.0,4517.0,3754.0,3104.0,0
25000.0,1,2,1,62,2,3,0,9347.0,8065.0,7263.0,2218.0,1914.0,1723.0,0
55000.0,1,2,2,28,-1,1,3,13891.0,14029.0,12380.0,3783.0,3821.0,3372.0,0
110000.0,1,3,2,38,2,0,-1,81398.0,81361.0,68145.0,12484.0,12478.0,10451.0,1
105000.0,1,1,2,46,2,2,2,89525.0,85511.0,88563.0,22786.0,21764.0,22541.0,1
55000.0,1,2,1,47,1,2,-1,46961.0,46795.0,46625.0,9316.0,9283.0,9249.0,0
70000.0,1,1,1,52,-1,3,3,16134.0,15153.0,12856.0,2007.0,1885.0,1600.0,1
85000.0,1,3,2,39,0,1,0,90588.0,90475.0,82301.0,4372.0,4366.0,3972.0,1
210000.0,1,3,1,34,-1,2,3,204429.0,202793.0,192404.0,19334.0,19179.0,18197.0,0
15000.0,1,1,2,41,1,3,0,11302.0,11659.0,11075.0,2250.0,2321.0,2205.0,1
50000.0,1,4,2,63,-1,0,-1,27492.0,26792.0,27876.0,5993.0,5841.0,6077.0,0
130000.0,2,2,2,24,3,0,3,41175.0,42617.0,36210.0,5795.0,5998.0,5097.0,1
215000.0,2,3,1,42,-1,1,-1,104150.0,95392.0,87844.0,25259.0,23135.0,21305.0,0
35000.0,1,1,2,52,-1,1,0,5408.0,5075.0,4804.0,1125.0,1056.0,999.0,1
140000.0,1,2,1,60,0,1,1,127805.0,102793.0,106649.0,13396.0,10774.0,11179.0,0
15000.0,2,1,2,68,3,0,-1,6207.0,5011.0,4081.0,910.0,735.0,598.0,1
75000.0,2,1,1,24,3,1,1,19857.0,20176.0,20029.0,3280.0,3333.0,3309.0,0
55000.0,1,2,2,39,0,0,1,20278.0,18285.0,15066.0,1167.0,1052.0,867.0,0
585000.0,1,3,2,65,2,1,1,226838.0,194638.0,203593.0,24542.0,21059.0,22027.0,0
130000.0,2,1,2,35,0,0,1,51184.0,46766.0,41441.0,3737.0,3414.0,3025.0,0
185000.0,2,2,2,44,-1,0,0,172283.0,164464.0,166863.0,43108.0,41152.0,41752.0,0
85000.0,2,1,1,26,1,-1,0,26635.0,27227.0,23589.0,4207.0,4301.0,3726.0,0
140000.0,2,2,2,27,-1,-1,-1,23491.0,21748.0,19319.0,5033.0,4659.0,4139.0,0
115000.0,2,4,2,43,2,2,-1,65795.0,62920.0,64318.0,6508.0,6224.0,6362.0,1
85000.0,2,2,1,27,0,1,0,12222.0,12219.0,11798.0,2662.0,2662.0,2570.0,0
15000.0,2,1,2,43,1,3,0,8245.0,7484.0,7030.0,2412.0,2190.0,2057.0,1
75000.0,2,1,3,42,0,1,0,28548.0,28938.0,23852.0,1766.0,1790.0,1475.0,0
275000.0,1,2,3,42,1,2,0,152144.0,126964.0,102305.0,14905.0,12438.0,10022.0,1
85000.0,1,2,1,52,0,0,0,91860.0,91581.0,73965.0,8488.0,8462.0,6835.0,0
70000.0,1,1,2,35,2,-1,0,83694.0,77426.0,69101.0,20349.0,18825.0,16801.0,1
25000.0,1,1,1,42,-1,0,0,21293.0,17314.0,16706.0,4744.0,3858.0,3722.0,0
70000.0,1,2,1,50,-1,0,-1,17153.0,16047.0,14206.0,2752.0,2575.0,2280.0,1
225000.0,2,2,1,24,0,-1,-1,232359.0,202518.0,191795.0,48178.0,41991.0,39768.0,1
55000.0,2,1,2,26,2,3,0,15965.0,13035.0,12502.0,910.0,743.0,713.0,1
45000.0,2,1,2,51,1,-1,0,50920.0,50951.0,53089.0,10585.0,10591.0,11035.0,0
175000.0,2,1,2,51,-1,1,0,26768.0,27952.0,22546.0,7417.0,7745.0,6247.0,0
50000.0,2,1,1,63,-1,2,0,26017.0,24397.0,24051.0,4123.0,3866.0,3811.0,0
80000.0,2,4,2,68,1,0,1,91865.0,77227.0,75682.0,5059.0,4253.0,4168.0,0
275000.0,1,2,1,57,-1,-1,0,99600.0,90910.0,85507.0,19358.0,17669.0,16619.0,0
220000.0,2,3,1,69,1,3,1,139440.0,116212.0,112572.0,29894.0,24914.0,24134.0,1
65000.0,2,2,2,67,3,3,3,55124.0,53260.0,48126.0,12808.0,12375.0,11182.0,1
45000.0,2,2,2,30,0,-1,0,21991.0,22980.0,19613.0,5869.0,6133.0,5234.0,1
75000.0,1,3,2,66,0,0,1,79322.0,76452.0,66811.0,20912.0,20155.0,17613.0,0
140000.0,1,1,2,61,1,0,2,160422.0,147752.0,120125.0,27296.0,25141.0,20440.0,1
105000.0,1,2,3,64,-1,-1,0,65450.0,64174.0,57095.0,9262.0,9082.0,8080.0,0
65000.0,2,4,2,52,1,-1,1,10038.0,8131.0,7338.0,2070.0,1677.0,1513.0,0
205000.0,2,3,2,42,1,1,-1,143843.0,128929.0,116542.0,5490.0,4921.0,4448.0,0
35000.0,2,4,3,64,-1,-1,1,25029.0,23128.0,23099.0,6799.0,6282.0,6274.0,0
145000.0,2,2,1,32,0,1,-1,40757.0,39870.0,36116.0,12036.0,11774.0,10665.0,0
155000.0,2,1,2,34,-1,1,3,71050.0,66666.0,56057.0,15808.0,14832.0,12472.0,0
305000.0,2,1,2,64,1,-1,0,88647.0,75893.0,74600.0,22579.0,19330.0,19001.0,0
75000.0,1,2,1,60,-1,0,3,86548.0,85232.0,80577.0,3949.0,3889.0,3677.0,0
55000.0,1,3,2,53,3,-1,1,52872.0,54710.0,53015.0,13356.0,13820.0,13392.0,1
225000.0,2,1,1,58,1,1,3,270000.0,228593.0,213886.0,22875.0,19367.0,18121.0,0
35000.0,2,2,2,67,3,-1,-1,31179.0,26224.0,23404.0,8130.0,6838.0,6102.0,1
110000.0,2,1,2,27,-1,2,0,33368.0,32279.0,29934.0,8985.0,8691.0,8060.0,0
325000.0,2,2,2,69,1,1,1,344089.0,301128.0,295227.0,42390.0,37097.0,36370.0,1
145000.0,1,1,1,50,0,-1,0,155047.0,155028.0,157459.0,30144.0,30140.0,30613.0,0
50000.0,1,1,2,68,0,-1,0,29038.0,25032.0,22804.0,3110.0,2681.0,2442.0,0
145000.0,1,1,1,66,-1,0,0,163321.0,139184.0,129304.0,11724.0,9991.0,9282.0,1
95000.0,1,1,2,48,-1,-1,1,91665.0,80853.0,75815.0,21808.0,19236.0,18037.0,1
40000.0,1,3,1,58,0,0,2,38277.0,39043.0,39443.0,1448.0,1477.0,1492.0,1
60000.0,1,1,2,45,2,0,1,51898.0,45506.0,36496.0,13065.0,11456.0,9188.0,1
395000.0,2,1,2,55,2,2,1,318518.0,278154.0,246857.0,53107.0,46377.0,41159.0,1
40000.0,2,2,2,23,2,3,0,12267.0,12431.0,12246.0,2394.0,2426.0,2390.0,1
140000.0,2,1,3,49,0,1,-1,133804.0,131229.0,117832.0,21925.0,21503.0,19308.0,0
60000.0,2,2,3,52,1,-1,0,62175.0,64168.0,60156.0,4590.0,4738.0,4441.0,1
135000.0,1,1,2,60,-1,-1,-1,141605.0,134458.0,139672.0,20519.0,19483.0,20239.0,0
165000.0,1,1,1,43,0,-1,1,47133.0,48844.0,49020.0,7325.0,7590.0,7618.0,0
45000.0,1,1,1,55,1,3,0,43109.0,36899.0,31633.0,12753.0,10916.0,9358.0,1
25000.0,2,1,2,41,1,-1,0,15185.0,14890.0,15088.0,3566.0,3497.0,3544.0,1
25000.0,2,4,1,23,0,-1,0,3799.0,3610.0,3163.0,972.0,924.0,809.0,0
115000.0,2,2,2,45,-1,0,-1,79619.0,68994.0,57055.0,10677.0,9252.0,7651.0,0
65000.0,2,1,1,53,0,2,0,61056.0,59309.0,59476.0,14630.0,14212.0,14252.0,1
135000.0,2,1,1,42,0,-1,1,158171.0,130350.0,117122.0,29654.0,24438.0,21958.0,1
125000.0,1,2,1,32,-1,2,0,112730.0,107876.0,92126.0,23663.0,22644.0,19338.0,1
40000.0,1,3,1,65,1,-1,2,31718.0,28747.0,27251.0,7343.0,6655.0,6309.0,1
15000.0,2,4,2,55,0,0,-1,14163.0,13553.0,13377.0,3746.0,3585.0,3539.0,1
50000.0,2,1,2,59,-1,-1,2,16286.0,16964.0,15642.0,3901.0,4064.0,3747.0,0
90000.0,2,2,1,35,0,2,3,50094.0,49739.0,51530.0,2515.0,2497.0,2587.0,0
45000.0,1,1,1,43,0,2,0,17735.0,15243.0,12381.0,4074.0,3501.0,2844.0,0
945000.0,2,2,2,61,1,2,-1,483231.0,443524.0,448674.0,82496.0,75718.0,76597.0,0
85000.0,2,2,1,48,1,0,-1,61861.0,52217.0,49940.0,14974.0,12640.0,12088.0,0
305000.0,1,1,2,53,1,1,0,108394.0,112867.0,118190.0,23328.0,24290.0,25436.0,1
215000.0,1,2,2,60,0,-1,0,60038.0,60735.0,56244.0,14059.0,14222.0,13170.0,0
50000.0,1,2,2,34,-1,0,-1,20631.0,17954.0,18635.0,2475.0,2154.0,2236.0,0
35000.0,2,2,2,62,0,0,1,40041.0,35350.0,29772.0,7133.0,6297.0,5303.0,1
70000.0,1,2,2,61,0,-1,3,69188.0,71366.0,64349.0,7629.0,7870.0,7096.0,1
290000.0,1,2,3,24,2,2,0,346689.0,350614.0,281389.0,78788.0,79680.0,63948.0,1
75000.0,1,2,1,31,-1,0,-1,53891.0,56459.0,48671.0,13485.0,14128.0,12179.0,0
40000.0,1,2,1,63,1,1,3,25112.0,20615.0,17295.0,7146.0,5867.0,4922.0,1
100000.0,1,1,1,53,1,-1,0,64061.0,59155.0,52490.0,3371.0,3113.0,2762.0,1
55000.0,1,1,2,23,1,-1,0,16502.0,15806.0,14685.0,3822.0,3661.0,3401.0,0
155000.0,1,2,1,52,0,1,1,185264.0,176466.0,148601.0,14058.0,13390.0,11276.0,1
15000.0,1,4,2,69,1,0,3,8425.0,8289.0,7218.0,1212.0,1193.0,1039.0,1
110000.0,1,2,2,41,0,2,1,45195.0,47288.0,39302.0,2043.0,2137.0,1776.0,1
75000.0,1,1,1,48,1,1,1,45346.0,42831.0,41568.0,6322.0,5971.0,5795.0,1
90000.0,2,3,1,42,2,-1,3,59835.0,60201.0,57829.0,4934.0,4964.0,4768.0,1
150000.0,2,3,2,44,2,0,0,179696.0,175715.0,152799.0,23495.0,22974.0,19978.0,1
95000.0,2,2,2,39,0,2,0,60362.0,49238.0,46884.0,9063.0,7392.0,7039.0,1
75000.0,2,2,1,59,1,-1,0,80260.0,64944.0,61710.0,6791.0,5495.0,5222.0,1
210000.0,2,2,3,64,3,1,1,160491.0,135315.0,114840.0,23951.0,20194.0,17139.0,0
285000.0,2,4,2,59,1,3,0,199222.0,196526.0,190688.0,34809.0,34338.0,33318.0,1
270000.0,1,2,1,38,-1,1,1,188040.0,189753.0,197106.0,12695.0,12810.0,13307.0,1
180000.0,2,2,1,30,0,2,1,27607.0,28235.0,26207.0,4853.0,4964.0,4607.0,0
145000.0,2,1,2,64,-1,0,0,83750.0,72709.0,63486.0,17797.0,15451.0,13491.0,0
275000.0,2,2,3,41,-1,1,1,201499.0,204077.0,211362.0,17519.0,17743.0,18376.0,0
60000.0,1,4,1,50,-1,0,0,70685.0,57749.0,50355.0,17559.0,14346.0,12509.0,1
35000.0,2,2,1,34,1,3,0,38413.0,37365.0,35277.0,4997.0,4860.0,4589.0,1
95000.0,1,1,1,65,0,0,2,98193.0,92694.0,75501.0,17742.0,16749.0,13642.0,1
195000.0,2,3,1,39,3,1,0,93787.0,93230.0,85258.0,8812.0,8759.0,8010.0,1
50000.0,2,1,1,43,0,-1,0,38099.0,30737.0,32060.0,10302.0,8311.0,8669.0,0
420000.0,1,3,2,36,-1,-1,-1,391869.0,388387.0,374009.0,111475.0,110485.0,106395.0,0
135000.0,2,3,1,31,1,1,-1,129834.0,112856.0,108103.0,7992.0,6947.0,6654.0,1
50000.0,1,1,2,54,0,-1,0,32592.0,27731.0,28587.0,7449.0,6338.0,6534.0,1
75000.0,1,2,1,36,0,0,1,56436.0,56790.0,57848.0,11425.0,11497.0,11711.0,0
530000.0,1,1,1,65,0,-1,0,238917.0,212454.0,205323.0,14431.0,12832.0,12402.0,0
65000.0,2,3,2,60,-1,2,3,68807.0,66764.0,67809.0,16746.0,16249.0,16503.0,0
55000.0,2,2,2,34,1,0,0,38781.0,35557.0,29221.0,4739.0,4345.0,3571.0,1
45000.0,1,2,2,60,-1,2,-1,31627.0,29182.0,27667.0,7403.0,6830.0,6476.0,1
60000.0,2,1,1,48,-1,0,0,69421.0,71978.0,74237.0,10113.0,10486.0,10815.0,0
395000.0,1,2,2,67,1,-1,2,446935.0,373387.0,342770.0,126132.0,105376.0,96735.0,0
155000.0,2,2,1,67,0,0,0,142880.0,142448.0,122763.0,37314.0,37201.0,32060.0,1
70000.0,2,1,2,63,1,1,1,59475.0,52638.0,44039.0,10129.0,8964.0,7500.0,1
55000.0,2,2,2,29,1,1,-1,25596.0,21481.0,21805.0,3691.0,3097.0,3144.0,0
170000.0,2,2,2,33,0,0,0,96212.0,90512.0,77829.0,20146.0,18952.0,16297.0,1
70000.0,2,1,2,53,3,-1,1,18773.0,18379.0,16487.0,2010.0,1968.0,1766.0,1
110000.0,2,3,2,25,0,1,1,107692.0,111435.0,106177.0,28992.0,30000.0,28585.0,0
270000.0,1,2,2,46,0,2,-1,43963.0,43527.0,35428.0,11738.0,11622.0,9459.0,0
155000.0,2,1,1,52,1,0,2,66974.0,68142.0,71087.0,7006.0,7128.0,7436.0,1
55000.0,1,3,2,53,0,-1,-1,56557.0,54227.0,49429.0,5268.0,5051.0,4604.0,0
60000.0,2,2,1,48,0,1,2,43317.0,40410.0,35153.0,5460.0,5094.0,4431.0,1
85000.0,1,3,1,27,2,-1,-1,60706.0,52582.0,42956.0,15046.0,13033.0,10647.0,1
30000.0,2,2,1,58,-1,0,2,25314.0,22399.0,23172.0,3590.0,3177.0,3286.0,1
105000.0,2,3,1,37,-1,-1,0,42550.0,35901.0,31530.0,11796.0,9953.0,8741.0,0
70000.0,2,2,1,63,1,0,-1,49423.0,50737.0,44179.0,8518.0,8745.0,7615.0,0
70000.0,2,1,1,37,0,0,0,79077.0,79673.0,79929.0,14412.0,14520.0,14567.0,1
305000.0,1,1,1,48,0,-1,2,272815.0,227453.0,197914.0,72841.0,60730.0,52843.0,0
225000.0,1,2,3,67,0,1,1,131925.0,108139.0,101374.0,14032.0,11502.0,10782.0,0
35000.0,2,2,1,64,3,1,1,16614.0,17190.0,14115.0,3960.0,4097.0,3364.0,0
30000.0,1,3,1,65,0,-1,1,23633.0,22035.0,20542.0,6234.0,5813.0,5419.0,0
155000.0,2,1,1,43,0,1,0,136992.0,141043.0,140077.0,32354.0,33311.0,33082.0,0
65000.0,1,2,2,33,0,1,0,49165.0,50454.0,43701.0,12915.0,13254.0,11480.0,1
145000.0,2,3,2,56,3,-1,2,24668.0,21482.0,18371.0,1795.0,1563.0,1337.0,1
345000.0,1,3,1,46,1,-1,0,339882.0,324708.0,331857.0,84229.0,80469.0,82240.0,0
1070000.0,2,2,2,52,-1,2,1,714099.0,629828.0,645222.0,178599.0,157522.0,161372.0,0
100000.0,1,2,3,30,1,0,0,108795.0,91274.0,90760.0,12574.0,10549.0,10490.0,1
360000.0,1,4,2,49,1,1,2,140992.0,115059.0,118313.0,39563.0,32286.0,33199.0,0
80000.0,2,1,1,47,2,-1,-1,15776.0,12850.0,10977.0,2895.0,2358.0,2014.0,1
70000.0,2,1,2,38,-1,1,1,52682.0,47521.0,38978.0,2711.0,2445.0,2006.0,1
295000.0,1,1,2,66,1,-1,0,172252.0,175058.0,175629.0,30738.0,31239.0,31341.0,0
55000.0,2,2,2,47,1,1,-1,52345.0,49950.0,51384.0,3681.0,3512.0,3613.0,1
125000.0,1,1,2,40,3,0,3,23966.0,19637.0,20187.0,5819.0,4768.0,4901.0,1
65000.0,2,2,2,45,0,-1,0,21550.0,22303.0,22512.0,4326.0,4478.0,4520.0,0
160000.0,2,1,1,36,-1,1,3,125939.0,129469.0,127232.0,34293.0,35255.0,34646.0,1
155000.0,1,3,2,52,0,0,1,65746.0,68644.0,68982.0,4743.0,4952.0,4976.0,0
65000.0,2,2,1,29,-1,0,1,31843.0,25645.0,22133.0,1533.0,1234.0,1065.0,0
60000.0,2,2,1,27,-1,0,2,45127.0,39936.0,33500.0,6075.0,5376.0,4510.0,1
90000.0,2,2,2,48,-1,0,0,24074.0,22048.0,22572.0,4287.0,3927.0,4020.0,0
60000.0,1,1,2,40,1,1,1,10465.0,8543.0,8026.0,2443.0,1994.0,1874.0,1
175000.0,2,2,2,38,-1,1,0,191265.0,196685.0,167967.0,40879.0,42037.0,35899.0,1
90000.0,2,1,2,51,0,-1,0,41202.0,41962.0,40294.0,5941.0,6050.0,5810.0,0
35000.0,2,2,1,56,-1,0,1,21935.0,20138.0,18148.0,5938.0,5452.0,4913.0,0
55000.0,1,2,2,64,2,0,1,44674.0,41528.0,34987.0,4673.0,4344.0,3660.0,1
195000.0,1,2,2,49,1,-1,3,40058.0,36741.0,30009.0,11151.0,10228.0,8354.0,0
185000.0,1,2,1,48,-1,0,2,154005.0,157575.0,128777.0,9511.0,9731.0,7953.0,0
15000.0,2,1,2,59,-1,3,-1,13269.0,12935.0,10925.0,2291.0,2233.0,1886.0,0
55000.0,1,3,2,37,0,-1,1,34423.0,27607.0,25246.0,5988.0,4803.0,4392.0,1
95000.0,1,2,2,23,2,0,1,98901.0,87212.0,82883.0,27563.0,24306.0,23099.0,1
140000.0,1,1,2,53,-1,1,-1,160744.0,156932.0,158017.0,39830.0,38885.0,39154.0,1
20000.0,1,1,1,42,3,2,0,12055.0,11632.0,10051.0,557.0,537.0,464.0,1
120000.0,2,1,2,52,0,1,1,25001.0,24614.0,22463.0,1034.0,1018.0,929.0,0
100000.0,1,2,2,54,-1,0,-1,100032.0,104971.0,87736.0,21668.0,22738.0,19005.0,1
120000.0,1,1,2,54,1,0,1,115475.0,115518.0,103204.0,15465.0,15471.0,13821.0,1
45000.0,2,1,1,24,1,1,-1,17845.0,15079.0,13106.0,712.0,601.0,523.0,1
860000.0,1,2,2,68,0,3,1,232174.0,241629.0,242128.0,60625.0,63094.0,63225.0,0
95000.0,2,2,2,44,0,-1,0,103225.0,95261.0,96508.0,16718.0,15428.0,15630.0,1
90000.0,1,3,1,29,0,-1,0,82858.0,77950.0,75031.0,23741.0,22335.0,21499.0,0
135000.0,2,3,2,21,1,0,-1,130601.0,114631.0,109653.0,18747.0,16454.0,15740.0,1
200000.0,2,2,1,67,0,1,3,162684.0,141339.0,119734.0,25726.0,22351.0,18934.0,1
230000.0,2,2,2,28,1,0,2,272128.0,218323.0,187346.0,67133.0,53859.0,46217.0,1
355000.0,1,2,1,69,0,-1,2,136139.0,112130.0,109210.0,15873.0,13074.0,12733.0,0
205000.0,2,2,2,68,2,-1,0,115766.0,93919.0,96212.0,23314.0,18914.0,19376.0,0
115000.0,1,2,1,29,1,2,2,86848.0,76950.0,79923.0,20606.0,18257.0,18963.0,1
40000.0,1,2,1,36,2,-1,2,31605.0,31244.0,26961.0,2860.0,2827.0,2440.0,1
90000.0,2,3,2,63,0,1,0,34165.0,29937.0,31139.0,10074.0,8828.0,9182.0,0
315000.0,1,1,2,62,3,0,1,162651.0,159847.0,160900.0,26124.0,25674.0,25843.0,1
50000.0,1,2,2,31,1,-1,0,30145.0,30983.0,28928.0,1423.0,1462.0,1365.0,0
115000.0,1,2,1,62,1,2,0,112092.0,114628.0,93141.0,28804.0,29455.0,23934.0,1
80000.0,2,1,2,68,0,-1,0,47235.0,40468.0,35909.0,9715.0,8323.0,7385.0,1
60000.0,2,1,2,47,3,3,-1,20469.0,19653.0,18347.0,2596.0,2493.0,2327.0,1
235000.0,1,3,2,33,2,0,-1,133071.0,114624.0,116626.0,37299.0,32128.0,32690.0,0
50000.0,2,1,2,29,0,2,0,29051.0,27100.0,23719.0,6143.0,5730.0,5015.0,0
30000.0,2,3,1,44,1,0,2,15355.0,13750.0,11925.0,4216.0,3775.0,3274.0,0
115000.0,2,2,2,41,2,0,0,61981.0,54064.0,46018.0,3307.0,2885.0,2455.0,1
485000.0,1,2,2,57,1,2,2,333529.0,287740.0,234101.0,52342.0,45156.0,36739.0,0
45000.0,2,3,1,65,1,-1,1,35845.0,34994.0,31682.0,1816.0,1772.0,1605.0,0
185000.0,2,2,2,43,3,0,-1,180337.0,148710.0,127389.0,16430.0,13549.0,11606.0,1
100000.0,2,1,1,22,0,-1,3,89683.0,72998.0,75032.0,11463.0,9330.0,9590.0,1
15000.0,1,4,1,61,3,1,0,15604.0,13659.0,11962.0,2350.0,2057.0,1801.0,1
55000.0,1,4,2,45,1,1,1,45735.0,39579.0,36050.0,11006.0,9524.0,8675.0,1
60000.0,2,2,3,33,0,-1,1,37786.0,38607.0,35795.0,3291.0,3362.0,3117.0,0
115000.0,1,2,1,44,-1,0,3,87525.0,81455.0,71547.0,15365.0,14299.0,12560.0,1
35000.0,2,1,1,60,0,1,-1,7505.0,7270.0,6525.0,656.0,635.0,570.0,1
85000.0,1,2,2,61,3,1,2,73224.0,64526.0,63350.0,18079.0,15931.0,15641.0,1
100000.0,2,1,2,32,3,0,-1,105399.0,106592.0,104417.0,17435.0,17633.0,17273.0,1
105000.0,2,2,1,41,1,1,3,14417.0,14845.0,11994.0,1062.0,1094.0,884.0,0
80000.0,2,2,2,38,-1,-1,1,72513.0,66148.0,54460.0,15512.0,14151.0,11650.0,0
65000.0,2,2,1,44,0,1,-1,52630.0,45933.0,42873.0,10803.0,9428.0,8800.0,0
210000.0,2,2,2,26,0,1,-1,61729.0,50466.0,44384.0,9982.0,8161.0,7177.0,1
50000.0,2,1,2,68,1,0,0,9809.0,9191.0,9156.0,1541.0,1444.0,1438.0,0
90000.0,2,2,2,56,0,1,1,91672.0,74911.0,77171.0,7205.0,5888.0,6066.0,1
300000.0,2,3,1,44,-1,-1,0,252318.0,262735.0,256437.0,70283.0,73185.0,71430.0,1
25000.0,2,2,2,59,-1,2,-1,14082.0,13244.0,11522.0,2638.0,2481.0,2158.0,0
40000.0,1,2,1,65,1,0,2,30273.0,27136.0,24362.0,1900.0,1703.0,1529.0,1
90000.0,2,2,2,61,-1,0,0,53947.0,56239.0,45014.0,8719.0,9090.0,7275.0,0
20000.0,2,4,2,57,1,1,0,12193.0,12634.0,12095.0,3012.0,3121.0,2988.0,1
60000.0,1,2,1,51,2,-1,-1,53418.0,44125.0,41566.0,4204.0,3473.0,3271.0,1
50000.0,2,3,3,26,3,3,-1,38763.0,33017.0,32903.0,8961.0,7633.0,7606.0,1
50000.0,2,3,2,47,-1,0,3,20686.0,18057.0,16602.0,3672.0,3206.0,2947.0,1
60000.0,2,2,1,23,0,-1,1,59317.0,61886.0,60259.0,8793.0,9174.0,8933.0,1
175000.0,2,2,2,45,-1,-1,1,101823.0,99889.0,103930.0,22572.0,22143.0,23039.0,0
250000.0,2,3,2,34,-1,3,2,183652.0,187834.0,175698.0,24257.0,24809.0,23206.0,1
260000.0,2,4,1,21,-1,1,3,70145.0,58466.0,58703.0,13546.0,11291.0,11336.0,0
40000.0,1,1,3,55,1,0,2,6141.0,6202.0,5044.0,1811.0,1829.0,1488.0,1
45000.0,1,2,3,67,1,3,-1,7036.0,6493.0,6362.0,1009.0,931.0,912.0,1
155000.0,1,4,1,66,-1,0,-1,60208.0,49633.0,51848.0,8630.0,7114.0,7432.0,0
105000.0,1,1,2,53,1,2,-1,22771.0,19629.0,18905.0,5640.0,4862.0,4682.0,0
95000.0,2,2,3,52,1,-1,2,34903.0,31510.0,25693.0,1663.0,1501.0,1224.0,1
160000.0,1,1,1,44,2,0,1,121576.0,112852.0,107144.0,34750.0,32256.0,30625.0,1
160000.0,1,2,1,30,2,0,1,166077.0,159566.0,147530.0,21404.0,20565.0,19014.0,1
45000.0,1,3,2,54,2,-1,2,27568.0,24729.0,23250.0,3987.0,3576.0,3362.0,0
85000.0,2,1,1,39,1,-1,0,71862.0,61514.0,54015.0,15596.0,13350.0,11722.0,0
40000.0,2,2,1,32,0,0,3,9741.0,9644.0,8152.0,2300.0,2277.0,1925.0,0
115000.0,1,2,1,29,-1,3,-1,96173.0,89478.0,74022.0,19779.0,18402.0,15223.0,1
350000.0,1,2,1,26,-1,1,-1,197178.0,190806.0,173293.0,12633.0,12224.0,11102.0,0
80000.0,2,2,2,21,0,2,0,50061.0,44245.0,37435.0,4335.0,3831.0,3242.0,0
85000.0,1,2,2,43,2,3,-1,33202.0,31423.0,32650.0,4672.0,4422.0,4595.0,1
90000.0,2,2,1,40,1,2,3,90788.0,94060.0,79028.0,14860.0,15396.0,12935.0,1
55000.0,1,2,1,44,-1,1,0,17370.0,14349.0,14654.0,1989.0,1643.0,1678.0,0
40000.0,2,3,3,40,-1,1,0,9585.0,9639.0,9432.0,2446.0,2460.0,2407.0,0
60000.0,2,2,2,35,2,0,0,30055.0,24224.0,21173.0,7289.0,5875.0,5135.0,1
30000.0,2,3,2,29,1,0,-1,35790.0,32992.0,31449.0,4864.0,4483.0,4274.0,1
55000.0,1,2,1,66,0,1,1,23542.0,22316.0,22268.0,2712.0,2570.0,2565.0,1
20000.0,2,1,2,50,0,1,1,18224.0,18347.0,15404.0,2922.0,2942.0,2470.0,0
265000.0,1,2,2,39,-1,2,-1,318000.0,300438.0,268046.0,47357.0,44742.0,39918.0,1
150000.0,1,1,1,69,-1,1,2,59824.0,60789.0,57078.0,2412.0,2451.0,2301.0,1
145000.0,2,2,1,42,0,1,0,166323.0,134371.0,128553.0,46594.0,37643.0,36013.0,1
280000.0,2,1,2,53,-1,2,3,67111.0,56474.0,49628.0,19470.0,16384.0,14398.0,0
185000.0,1,2,2,37,3,1,0,187636.0,160333.0,131307.0,44920.0,38384.0,31435.0,1
290000.0,2,1,2,31,1,3,1,343886.0,280245.0,232910.0,88895.0,72444.0,60208.0,1
80000.0,2,2,2,31,1,-1,2,29992.0,30335.0,29691.0,3189.0,3226.0,3157.0,0
45000.0,1,2,1,23,1,1,0,32650.0,32417.0,27273.0,5429.0,5390.0,4535.0,0
215000.0,2,2,1,55,1,1,2,131710.0,114317.0,97662.0,6890.0,5980.0,5109.0,1
25000.0,2,1,2,49,1,1,0,22679.0,23143.0,19044.0,4163.0,4248.0,3496.0,1
85000.0,2,1,2,32,-1,0,0,99379.0,97522.0,84273.0,9900.0,9715.0,8395.0,1
115000.0,2,1,2,35,-1,0,0,93627.0,81441.0,65428.0,20180.0,17554.0,14102.0,1
115000.0,1,2,1,56,-1,2,2,90899.0,89557.0,89210.0,17398.0,17141.0,17075.0,1
220000.0,1,2,1,21,-1,1,1,238923.0,192297.0,174380.0,22799.0,18350.0,16640.0,1
620000.0,2,1,1,45,1,2,0,329278.0,334119.0,276931.0,97125.0,98553.0,81685.0,0
125000.0,1,3,3,48,0,1,-1,149952.0,133303.0,128670.0,15631.0,13895.0,13412.0,1
205000.0,1,1,1,63,3,1,0,125532.0,107323.0,100540.0,11960.0,10225.0,9579.0,1
90000.0,1,2,1,49,1,1,-1,98624.0,85468.0,75565.0,23643.0,20489.0,18115.0,0
65000.0,2,1,2,62,2,2,1,47207.0,40692.0,39584.0,2423.0,2089.0,2032.0,1
355000.0,1,1,3,26,0,0,-1,419427.0,432599.0,418555.0,76492.0,78894.0,76333.0,0
90000.0,2,3,1,28,1,2,3,54375.0,57084.0,55231.0,4847.0,5089.0,4924.0,1
80000.0,1,2,2,55,0,-1,-1,42947.0,35266.0,34186.0,2326.0,1910.0,1852.0,1
55000.0,1,2,2,23,-1,0,0,9111.0,8932.0,9339.0,2413.0,2365.0,2473.0,0
30000.0,1,2,1,36,0,0,0,17511.0,15111.0,14097.0,1976.0,1705.0,1591.0,1
110000.0,2,2,1,68,1,1,-1,74644.0,59799.0,56003.0,20979.0,16807.0,15740.0,1
70000.0,2,3,2,33,3,0,0,10861.0,9469.0,7749.0,1350.0,1177.0,963.0,1
150000.0,2,2,2,31,-1,-1,1,163939.0,155244.0,142611.0,19620.0,18580.0,17068.0,0
110000.0,1,2,1,35,1,1,0,110275.0,100802.0,97514.0,5739.0,5246.0,5075.0,1
160000.0,1,2,2,61,1,1,-1,59221.0,58543.0,55221.0,7496.0,7410.0,6990.0,0
60000.0,1,2,2,46,0,-1,-1,29523.0,26845.0,22548.0,3213.0,2922.0,2454.0,1
245000.0,2,2,2,64,-1,0,2,128383.0,106195.0,103177.0,19108.0,15806.0,15357.0,1
220000.0,2,1,2,37,1,0,-1,158479.0,150482.0,140485.0,10100.0,9590.0,8953.0,0
105000.0,2,2,1,32,0,0,2,116244.0,109175.0,88116.0,16677.0,15663.0,12641.0,1
45000.0,2,1,1,44,1,1,3,38953.0,33382.0,34237.0,3406.0,2919.0,2994.0,1
105000.0,2,1,1,41,2,-1,0,122647.0,117534.0,113149.0,8618.0,8259.0,7951.0,1
130000.0,2,3,2,34,-1,1,2,131146.0,123671.0,111030.0,28577.0,26948.0,24194.0,1
90000.0,2,3,1,49,2,1,0,67222.0,69679.0,60503.0,17258.0,17889.0,15533.0,1
60000.0,2,2,1,36,-1,0,1,32741.0,27607.0,23049.0,3328.0,2806.0,2343.0,0
135000.0,1,4,3,27,3,-1,0,151782.0,144190.0,136610.0,38262.0,36348.0,34437.0,0
200000.0,1,1,3,49,2,0,0,38183.0,36766.0,30686.0,7875.0,7583.0,6329.0,0
175000.0,2,3,2,66,3,1,3,110684.0,107404.0,86421.0,18099.0,17563.0,14132.0,1
135000.0,1,2,1,48,1,1,3,136730.0,134534.0,137268.0,23289.0,22915.0,23380.0,1
170000.0,2,1,2,54,3,0,3,61942.0,62743.0,52274.0,10905.0,11046.0,9203.0,0
105000.0,1,2,2,28,3,1,-1,80825.0,71888.0,64474.0,22435.0,19955.0,17897.0,0
105000.0,2,2,1,53,-1,3,3,115953.0,121489.0,103147.0,25121.0,26320.0,22347.0,0
55000.0,2,1,2,23,-1,1,-1,53673.0,54257.0,45203.0,6243.0,6311.0,5258.0,1
80000.0,1,1,2,66,2,-1,1,39305.0,38322.0,33676.0,3913.0,3815.0,3352.0,1
45000.0,2,2,1,44,-1,-1,-1,32825.0,27099.0,22567.0,7763.0,6408.0,5337.0,0
125000.0,2,2,2,28,2,-1,0,80211.0,80419.0,79445.0,16065.0,16107.0,15912.0,0
55000.0,2,2,2,68,2,1,0,34147.0,30121.0,27014.0,3324.0,2932.0,2630.0,1
85000.0,1,1,2,48,2,3,0,80332.0,83264.0,74660.0,22449.0,23269.0,20864.0,1
40000.0,1,1,1,60,-1,0,0,8638.0,7395.0,7096.0,2310.0,1978.0,1898.0,1
215000.0,2,1,1,34,0,-1,0,73839.0,74979.0,74147.0,7070.0,7179.0,7099.0,0
65000.0,1,2,2,40,-1,0,-1,48157.0,44578.0,40863.0,9469.0,8765.0,8034.0,0
110000.0,1,1,2,56,-1,0,1,83829.0,70217.0,56660.0,23542.0,19719.0,15912.0,0
65000.0,2,1,2,63,2,1,-1,60836.0,54698.0,55470.0,7588.0,6822.0,6919.0,1
160000.0,2,2,2,65,0,0,3,172346.0,174156.0,149647.0,7189.0,7264.0,6242.0,1
110000.0,2,2,2,48,0,-1,-1,76157.0,69419.0,72719.0,20921.0,19070.0,19976.0,0
35000.0,2,3,2,44,2,3,0,18867.0,18536.0,18835.0,4434.0,4356.0,4426.0,1
145000.0,2,2,2,65,2,-1,-1,44755.0,37920.0,39638.0,4025.0,3410.0,3564.0,0
365000.0,2,1,1,38,-1,1,2,120381.0,121010.0,126773.0,4633.0,4657.0,4879.0,0
100000.0,2,2,2,38,1,2,0,35624.0,32752.0,26402.0,7655.0,7038.0,5673.0,1
260000.0,2,3,2,56,1,1,0,110905.0,115688.0,107079.0,8575.0,8944.0,8279.0,0
150000.0,1,1,2,30,0,-1,3,23041.0,21134.0,19503.0,1816.0,1665.0,1537.0,1
145000.0,2,2,2,46,-1,-1,0,169105.0,145031.0,127895.0,46782.0,40122.0,35382.0,0
85000.0,2,2,2,67,1,0,1,66377.0,65229.0,63184.0,4604.0,4524.0,4382.0,0
80000.0,1,2,2,54,1,3,1,78755.0,82463.0,66158.0,9625.0,10079.0,8086.0,1
125000.0,1,1,2,63,0,0,-1,146800.0,137788.0,124232.0,21295.0,19988.0,18022.0,0
110000.0,2,2,1,52,2,3,0,22626.0,21516.0,21426.0,1861.0,1770.0,1763.0,0
220000.0,2,2,1,38,2,0,3,153889.0,147805.0,128186.0,32650.0,31359.0,27196.0,1
40000.0,1,2,2,21,-1,-1,1,38539.0,34863.0,34045.0,8651.0,7826.0,7643.0,0
325000.0,1,2,1,30,1,-1,0,282643.0,264125.0,214621.0,27669.0,25856.0,21010.0,0
195000.0,1,3,1,42,1,0,1,232883.0,208492.0,185426.0,8842.0,7916.0,7040.0,1
75000.0,2,2,1,39,0,0,0,20077.0,19514.0,18336.0,4045.0,3931.0,3694.0,0
185000.0,1,3,1,23,1,1,1,72041.0,66272.0,53496.0,16026.0,14743.0,11900.0,1
60000.0,1,2,2,45,2,1,-1,69330.0,66269.0,64251.0,9833.0,9399.0,9113.0,1
140000.0,2,2,2,64,3,0,1,84468.0,75393.0,61649.0,22727.0,20285.0,16587.0,1
80000.0,1,2,2,30,-1,-1,-1,29706.0,28177.0,29284.0,5776.0,5479.0,5694.0,0
90000.0,1,4,2,22,2,2,0,107971.0,88356.0,72018.0,14129.0,11562.0,9424.0,1
90000.0,1,2,1,49,-1,1,0,79748.0,74815.0,78187.0,22941.0,21522.0,22492.0,0
40000.0,1,1,1,25,2,2,0,18056.0,17228.0,14214.0,2889.0,2757.0,2274.0,1
65000.0,2,1,1,50,1,1,0,44885.0,43465.0,40989.0,4768.0,4617.0,4354.0,1
25000.0,1,2,2,53,1,0,3,29815.0,30788.0,31018.0,1452.0,1499.0,1510.0,1
75000.0,2,2,1,64,0,0,0,64566.0,67061.0,60600.0,3199.0,3323.0,3002.0,1
275000.0,1,3,2,33,0,0,0,282575.0,289690.0,236894.0,10995.0,11272.0,9217.0,0
435000.0,1,2,2,33,1,1,1,208371.0,206357.0,166792.0,18537.0,18358.0,14838.0,0
130000.0,2,4,2,61,0,1,0,36680.0,31123.0,32180.0,5744.0,4874.0,5039.0,1
195000.0,1,1,2,63,-1,3,0,60253.0,58127.0,54497.0,6123.0,5907.0,5538.0,0
50000.0,2,1,2,33,2,-1,0,44542.0,44122.0,35627.0,2728.0,2703.0,2182.0,1
250000.0,1,1,1,60,0,1,2,124511.0,121824.0,101599.0,35991.0,35214.0,29368.0,1
105000.0,1,2,2,38,1,0,1,105329.0,85748.0,83617.0,17310.0,14092.0,13742.0,1
300000.0,1,2,2,25,3,-1,0,70470.0,72711.0,58990.0,19980.0,20616.0,16725.0,0
145000.0,2,1,2,37,-1,0,2,137245.0,139042.0,121374.0,22364.0,22657.0,19778.0,1
175000.0,1,1,2,56,1,-1,-1,184474.0,190582.0,176062.0,17434.0,18012.0,16639.0,1
95000.0,2,2,1,44,-1,-1,-1,84416.0,84791.0,75478.0,3504.0,3520.0,3133.0,0
75000.0,1,2,2,57,1,-1,-1,77349.0,79426.0,68637.0,4763.0,4890.0,4226.0,0
40000.0,2,1,2,33,-1,-1,2,15424.0,15454.0,12854.0,2520.0,2525.0,2100.0,0
190000.0,1,4,2,47,1,-1,1,196090.0,160313.0,131639.0,17636.0,14418.0,11840.0,1
255000.0,1,2,1,35,-1,1,2,231972.0,189732.0,191219.0,61340.0,50170.0,50563.0,0
55000.0,1,2,1,45,-1,2,2,46435.0,44925.0,47021.0,4815.0,4659.0,4876.0,1
130000.0,1,2,2,22,-1,-1,2,35630.0,34704.0,28564.0,3997.0,3893.0,3204.0,0
390000.0,1,2,2,66,0,-1,2,118575.0,112214.0,102544.0,18631.0,17632.0,16113.0,0
205000.0,2,3,1,21,0,-1,1,207778.0,211263.0,180058.0,29163.0,29652.0,25273.0,0
65000.0,1,1,2,55,0,-1,1,33993.0,33399.0,29840.0,2509.0,2465.0,2203.0,0
70000.0,2,2,1,54,2,3,2,32995.0,33606.0,33817.0,2917.0,2972.0,2990.0,1
80000.0,2,2,2,22,0,-1,-1,51968.0,48651.0,47102.0,5282.0,4944.0,4787.0,1
100000.0,2,2,2,45,0,0,0,120000.0,118768.0,122708.0,5726.0,5667.0,5855.0,1
10000.0,1,2,1,66,3,-1,1,11270.0,9175.0,7477.0,792.0,645.0,526.0,1
170000.0,1,2,1,63,1,0,0,60231.0,59172.0,61497.0,3441.0,3380.0,3513.0,0
245000.0,1,2,2,57,0,-1,0,216774.0,184929.0,155128.0,35487.0,30274.0,25395.0,0
65000.0,1,1,1,59,3,-1,1,59709.0,54282.0,47938.0,13969.0,12699.0,11215.0,1
45000.0,2,2,2,34,0,2,3,31208.0,32504.0,29017.0,3865.0,4026.0,3594.0,1
60000.0,2,1,2,30,0,1,1,8538.0,8179.0,7315.0,1424.0,1364.0,1220.0,1
175000.0,2,3,1,43,1,1,1,190734.0,159335.0,157274.0,22123.0,18481.0,18242.0,1
250000.0,1,1,1,30,3,0,-1,233289.0,226994.0,186716.0,11236.0,10933.0,8993.0,1
145000.0,2,1,1,35,1,-1,-1,68459.0,70130.0,67184.0,3057.0,3132.0,3000.0,0
135000.0,1,3,1,23,3,-1,0,101586.0,99699.0,93977.0,26223.0,25736.0,24259.0,1
90000.0,1,2,1,69,-1,0,1,104013.0,84960.0,89189.0,9135.0,7461.0,7833.0,1
495000.0,2,2,1,21,1,-1,1,99516.0,96990.0,92047.0,16516.0,16096.0,15276.0,0
20000.0,2,1,1,43,1,0,0,22880.0,21195.0,19311.0,4441.0,4114.0,3748.0,0
125000.0,1,2,2,59,3,-1,1,29945.0,26339.0,22801.0,2600.0,2287.0,1980.0,1
25000.0,1,3,2,29,0,3,-1,28290.0,26342.0,25741.0,1358.0,1264.0,1236.0,1
75000.0,1,3,2,57,1,1,2,27345.0,23838.0,19331.0,6953.0,6061.0,4915.0,0
380000.0,1,3,1,44,1,-1,0,313842.0,323740.0,315858.0,18003.0,18571.0,18119.0,1
75000.0,1,2,1,44,-1,0,0,30253.0,29016.0,29597.0,4795.0,4599.0,4691.0,0
40000.0,1,3,2,24,0,-1,-1,15651.0,15238.0,13874.0,2059.0,2005.0,1826.0,0
255000.0,2,2,1,63,1,0,3,265019.0,277288.0,261956.0,68510.0,71682.0,67718.0,1
140000.0,1,1,1,51,1,-1,0,34002.0,33935.0,32047.0,8751.0,8734.0,8248.0,0
190000.0,2,2,2,52,2,0,0,168794.0,160452.0,135040.0,46833.0,44519.0,37468.0,1
85000.0,1,2,1,24,3,2,3,37047.0,31896.0,27943.0,5996.0,5162.0,4522.0,1
140000.0,1,2,1,50,0,0,0,65543.0,64443.0,60433.0,9129.0,8975.0,8417.0,0
110000.0,1,2,2,31,2,0,-1,109930.0,111663.0,97952.0,15301.0,15542.0,13634.0,1
55000.0,1,2,1,36,-1,-1,1,24508.0,19946.0,16986.0,3088.0,2513.0,2140.0,0
15000.0,2,1,2,33,0,0,2,2389.0,2481.0,2516.0,153.0,159.0,161.0,0
15000.0,2,1,2,38,3,-1,0,8488.0,8898.0,8418.0,780.0,818.0,773.0,1
60000.0,1,2,1,40,-1,1,0,29443.0,25950.0,23799.0,8245.0,7267.0,6664.0,0
175000.0,1,2,1,62,1,-1,0,64567.0,53966.0,53211.0,15327.0,12810.0,12631.0,0
85000.0,2,2,2,27,-1,-1,0,48981.0,46719.0,38883.0,8742.0,8339.0,6940.0,0
30000.0,1,2,3,34,1,3,1,5338.0,5223.0,5451.0,1401.0,1371.0,1431.0,1
90000.0,2,2,2,40,3,0,0,81415.0,76331.0,78884.0,5384.0,5048.0,5217.0,1
50000.0,2,2,1,31,1,0,-1,8119.0,8372.0,8638.0,1608.0,1658.0,1711.0,0
290000.0,2,3,2,22,0,0,-1,217124.0,174768.0,164648.0,49229.0,39625.0,37331.0,0
265000.0,2,2,1,47,0,-1,1,43921.0,45087.0,46422.0,8656.0,8885.0,9148.0,0
90000.0,1,1,2,45,1,-1,1,19509.0,18202.0,17131.0,2641.0,2464.0,2319.0,1
70000.0,1,2,1,64,1,2,-1,28855.0,24221.0,19804.0,7305.0,6132.0,5014.0,0
30000.0,1,2,1,27,0,-1,-1,35029.0,34548.0,35565.0,5643.0,5565.0,5729.0,0
35000.0,2,1,2,61,2,0,2,23020.0,23614.0,20595.0,1455.0,1493.0,1302.0,1
30000.0,2,2,2,53,-1,0,3,27869.0,26681.0,25569.0,2294.0,2197.0,2105.0,0
180000.0,1,3,1,65,0,1,2,186627.0,170814.0,171357.0,9739.0,8913.0,8942.0,1
60000.0,2,3,2,60,2,0,2,69437.0,60937.0,55844.0,18843.0,16536.0,15154.0,1
270000.0,1,1,2,27,1,0,1,63043.0,54763.0,52260.0,12093.0,10504.0,10024.0,1
180000.0,2,2,1,48,1,-1,-1,62583.0,58330.0,54049.0,17561.0,16368.0,15166.0,0
35000.0,2,3,2,43,1,2,1,31886.0,30798.0,27662.0,2933.0,2833.0,2544.0,1
230000.0,2,1,2,24,1,0,-1,82826.0,77947.0,78268.0,20995.0,19758.0,19840.0,0
130000.0,1,2,2,58,0,-1,0,149691.0,147498.0,133731.0,16201.0,15963.0,14473.0,1
215000.0,2,1,2,47,2,-1,3,184386.0,181563.0,158365.0,53295.0,52479.0,45774.0,1
30000.0,1,1,1,37,0,1,0,4951.0,4392.0,3970.0,1066.0,945.0,855.0,1
55000.0,2,2,2,57,1,1,0,23048.0,21164.0,20746.0,1056.0,970.0,951.0,1
195000.0,1,3,1,47,0,0,0,234000.0,227301.0,211974.0,16843.0,16361.0,15258.0,0
170000.0,2,4,2,42,1,0,0,156363.0,134385.0,138706.0,17771.0,15273.0,15764.0,1
155000.0,2,1,2,54,0,-1,0,83914.0,74647.0,64510.0,9034.0,8036.0,6945.0,1
280000.0,2,2,1,67,0,0,1,251328.0,240559.0,199722.0,33710.0,32266.0,26789.0,0
155000.0,2,4,2,27,0,-1,2,35132.0,36307.0,30769.0,9826.0,10154.0,8605.0,1
40000.0,2,1,1,22,3,1,1,9013.0,7633.0,7546.0,644.0,545.0,539.0,1
255000.0,2,1,1,61,2,0,2,171783.0,150594.0,151674.0,33104.0,29021.0,29229.0,1
675000.0,1,2,2,44,0,2,-1,810000.0,655243.0,676975.0,109036.0,88204.0,91129.0,1
55000.0,1,2,1,45,2,-1,3,64937.0,67154.0,61085.0,9359.0,9679.0,8804.0,1
175000.0,1,1,2,41,2,-1,-1,210000.0,210393.0,182241.0,54690.0,54792.0,47460.0,1
115000.0,2,3,1,43,-1,-1,0,97087.0,96552.0,81890.0,17802.0,17704.0,15015.0,0
155000.0,2,2,2,27,1,1,-1,33526.0,31137.0,26875.0,9618.0,8932.0,7710.0,0
570000.0,2,3,1,66,3,3,0,398981.0,411606.0,332683.0,63296.0,65299.0,52778.0,1
145000.0,2,2,2,49,2,3,1,145752.0,117672.0,111059.0,21595.0,17435.0,16455.0,1
130000.0,2,4,1,68,-1,-1,1,43480.0,41009.0,40991.0,7417.0,6996.0,6993.0,0
40000.0,2,1,3,25,1,2,-1,37631.0,30683.0,27964.0,7787.0,6349.0,5787.0,1
80000.0,2,2,2,29,0,0,2,47098.0,42201.0,38963.0,7700.0,6899.0,6370.0,0
710000.0,2,1,1,53,0,2,3,811795.0,799344.0,648418.0,68100.0,67056.0,54395.0,0
35000.0,2,2,1,64,2,1,1,6393.0,5961.0,4951.0,543.0,506.0,421.0,0
80000.0,1,2,2,50,-1,3,1,95352.0,94727.0,91506.0,11649.0,11573.0,11179.0,1
70000.0,1,1,2,27,1,-1,3,28012.0,27977.0,27933.0,3541.0,3537.0,3531.0,1
170000.0,2,1,2,64,-1,0,0,26507.0,27493.0,28118.0,3807.0,3948.0,4038.0,0
165000.0,1,2,2,56,-1,1,0,186637.0,149543.0,147162.0,35301.0,28285.0,27835.0,0
135000.0,1,1,2,22,2,-1,-1,62528.0,55098.0,47586.0,2872.0,2531.0,2186.0,1
125000.0,2,1,2,22,3,2,2,131219.0,126537.0,103695.0,10048.0,9689.0,7940.0,1
60000.0,2,2,1,37,1,-1,-1,50470.0,40440.0,39611.0,10300.0,8253.0,8084.0,1
445000.0,2,2,2,22,0,-1,3,116483.0,116147.0,111173.0,19445.0,19389.0,18558.0,0
175000.0,1,1,2,57,-1,1,3,81556.0,85171.0,86556.0,8085.0,8444.0,8581.0,1
90000.0,2,4,2,32,0,1,-1,65524.0,55189.0,45029.0,2978.0,2508.0,2046.0,1
85000.0,1,2,2,27,1,0,-1,22582.0,22964.0,23931.0,4559.0,4636.0,4831.0,0
420000.0,1,2,1,24,2,1,3,481013.0,468567.0,423212.0,23230.0,22629.0,20439.0,1
155000.0,1,1,2,57,0,1,0,102506.0,86608.0,76819.0,13558.0,11455.0,10161.0,0
125000.0,1,3,2,44,-1,1,2,68123.0,67679.0,59246.0,4484.0,4455.0,3900.0,0
85000.0,2,2,2,32,1,0,2,49132.0,45416.0,42639.0,10543.0,9746.0,9150.0,1
280000.0,2,3,2,37,1,-1,-1,243888.0,253570.0,243344.0,13497.0,14033.0,13467.0,0
715000.0,1,2,2,39,1,2,-1,760459.0,631436.0,565651.0,61796.0,51311.0,45966.0,0
130000.0,2,2,2,53,0,1,-1,24862.0,23551.0,19981.0,5485.0,5196.0,4408.0,0
115000.0,2,1,1,57,1,0,-1,91830.0,85863.0,77474.0,24562.0,22966.0,20722.0,1
115000.0,2,1,2,63,1,-1,-1,20176.0,18344.0,18065.0,854.0,776.0,764.0,1
45000.0,2,1,2,43,0,0,-1,19658.0,19895.0,16172.0,1397.0,1414.0,1149.0,0
100000.0,2,4,2,34,3,0,1,27202.0,26075.0,22846.0,6797.0,6515.0,5708.0,1
55000.0,1,1,2,57,0,2,2,12088.0,10475.0,9667.0,2281.0,1977.0,1824.0,1
45000.0,1,1,1,36,-1,-1,-1,40958.0,37800.0,33701.0,2956.0,2728.0,2432.0,0
40000.0,2,1,1,59,0,-1,0,6524.0,5526.0,4485.0,1309.0,1109.0,900.0,0
110000.0,1,1,2,65,2,0,2,27779.0,28593.0,24905.0,4869.0,5011.0,4365.0,1
245000.0,1,1,1,66,0,-1,2,36184.0,34209.0,27873.0,4806.0,4543.0,3702.0,0
80000.0,1,1,1,63,0,0,0,57490.0,48845.0,40529.0,9963.0,8465.0,7024.0,0
80000.0,1,2,1,60,0,1,1,93236.0,76160.0,71198.0,23803.0,19443.0,18177.0,1
30000.0,2,3,1,31,3,-1,3,6668.0,6980.0,6246.0,913.0,956.0,856.0,1
140000.0,1,2,2,59,0,0,-1,166673.0,158409.0,154444.0,10475.0,9955.0,9706.0,0
100000.0,2,2,2,36,0,1,0,102596.0,94023.0,77860.0,19629.0,17989.0,14897.0,0
110000.0,1,2,1,68,1,0,0,129465.0,123110.0,111796.0,31980.0,30410.0,27616.0,1
20000.0,2,4,2,60,1,2,2,3204.0,2793.0,2916.0,710.0,619.0,646.0,0
85000.0,1,2,2,48,3,-1,0,102000.0,93179.0,87781.0,8553.0,7813.0,7361.0,1
60000.0,2,2,2,39,0,0,0,56391.0,56931.0,59584.0,7781.0,7856.0,8222.0,1
175000.0,2,3,2,34,1,0,-1,100030.0,80369.0,69664.0,29337.0,23571.0,20431.0,0
100000.0,2,2,2,40,1,0,1,102007.0,86549.0,75082.0,4609.0,3911.0,3393.0,1
60000.0,2,1,1,34,1,0,0,71698.0,70453.0,57276.0,10242.0,10064.0,8182.0,0
30000.0,1,2,1,30,2,1,0,29019.0,25403.0,25409.0,7572.0,6628.0,6630.0,1
120000.0,2,2,1,64,0,1,1,143029.0,120345.0,125853.0,22786.0,19172.0,20050.0,1
560000.0,1,1,3,66,0,0,3,457147.0,369397.0,337668.0,82563.0,66715.0,60984.0,0
40000.0,2,2,2,21,-1,1,0,39930.0,38867.0,40599.0,6687.0,6509.0,6799.0,1
180000.0,1,2,2,66,2,0,1,199902.0,174358.0,163847.0,56598.0,49366.0,46390.0,0
120000.0,2,2,2,31,1,-1,1,52822.0,44714.0,41242.0,4646.0,3933.0,3628.0,0
75000.0,2,2,2,60,1,0,0,25297.0,25039.0,23970.0,5186.0,5133.0,4914.0,0
30000.0,1,3,2,34,1,0,2,12139.0,12108.0,12446.0,852.0,850.0,873.0,1
160000.0,2,4,2,29,3,0,0,92358.0,95743.0,85132.0,22377.0,23197.0,20626.0,1
165000.0,2,1,1,55,2,1,-1,186792.0,156295.0,151614.0,10421.0,8720.0,8459.0,1
120000.0,2,2,2,69,0,1,0,95312.0,100016.0,102816.0,7787.0,8171.0,8400.0,0
225000.0,1,1,2,21,0,1,-1,74830.0,77727.0,79285.0,4296.0,4462.0,4551.0,0
250000.0,2,1,2,30,-1,0,0,181662.0,172192.0,151524.0,16552.0,15689.0,13806.0,0
105000.0,1,2,2,64,-1,1,2,62584.0,58040.0,52528.0,5593.0,5186.0,4694.0,0
130000.0,2,2,2,52,0,0,2,154676.0,128216.0,119731.0,6983.0,5789.0,5405.0,0
115000.0,2,2,2,40,0,1,-1,58034.0,47033.0,39876.0,2386.0,1934.0,1640.0,0
205000.0,2,2,1,46,2,2,1,179334.0,150965.0,121367.0,12499.0,10522.0,8459.0,1
220000.0,2,1,1,23,1,2,0,89387.0,79715.0,67501.0,16736.0,14925.0,12638.0,0
95000.0,1,2,2,46,1,0,-1,105789.0,109968.0,90379.0,15783.0,16407.0,13484.0,0
175000.0,2,2,1,43,1,2,1,109697.0,88341.0,83114.0,10428.0,8398.0,7901.0,1
35000.0,1,1,2,30,-1,0,-1,13665.0,12207.0,9974.0,3534.0,3157.0,2579.0,0
155000.0,1,1,2,28,1,0,1,29963.0,25748.0,26761.0,8480.0,7287.0,7574.0,1
95000.0,2,1,2,63,-1,0,2,89479.0,89856.0,78299.0,4380.0,4399.0,3833.0,1
75000.0,2,3,1,41,2,3,2,73786.0,60930.0,57720.0,4750.0,3922.0,3715.0,1
90000.0,1,2,1,62,1,1,1,92914.0,91057.0,85099.0,26580.0,26049.0,24344.0,1
65000.0,1,2,1,50,1,0,2,69266.0,61994.0,49936.0,16455.0,14727.0,11863.0,1
275000.0,1,1,2,49,1,2,0,128731.0,104329.0,85448.0,17471.0,14160.0,11597.0,0
335000.0,2,2,2,32,1,3,0,270919.0,273884.0,259283.0,38427.0,38848.0,36777.0,1
100000.0,2,1,1,59,2,2,0,67399.0,68086.0,64526.0,17004.0,17178.0,16279.0,1
90000.0,1,2,2,65,2,-1,0,77662.0,73882.0,62111.0,22314.0,21228.0,17846.0,1
105000.0,2,4,2,40,1,3,3,91118.0,85936.0,84974.0,11570.0,10912.0,10790.0,1
45000.0,2,1,1,24,0,0,0,43833.0,42103.0,41073.0,5681.0,5456.0,5323.0,1
130000.0,1,1,1,49,0,1,1,39464.0,36057.0,36553.0,10045.0,9178.0,9304.0,0
15000.0,2,2,1,36,-1,-1,-1,6855.0,6628.0,5763.0,1871.0,1809.0,1573.0,0
230000.0,1,2,1,28,-1,1,1,217747.0,180250.0,186299.0,48564.0,40201.0,41550.0,0
30000.0,2,2,1,50,0,-1,0,11902.0,11048.0,9908.0,1167.0,1084.0,972.0,1
30000.0,1,1,1,46,-1,0,1,12243.0,10501.0,10204.0,1347.0,1156.0,1123.0,0
70000.0,1,2,1,54,2,0,1,29970.0,29249.0,25539.0,2178.0,2126.0,1856.0,1
130000.0,1,2,2,58,2,2,-1,103800.0,99848.0,102286.0,29173.0,28062.0,28747.0,1
75000.0,2,1,1,64,-1,0,1,30546.0,30500.0,24897.0,9023.0,9010.0,7355.0,0
40000.0,2,2,1,69,0,2,2,14950.0,13668.0,11406.0,1300.0,1188.0,992.0,1
70000.0,2,2,2,31,0,-1,0,59170.0,55514.0,56078.0,12194.0,11440.0,11556.0,0
60000.0,2,2,2,55,-1,1,0,37610.0,30514.0,29627.0,4558.0,3698.0,3590.0,0
55000.0,1,1,1,66,-1,3,2,39365.0,34986.0,30575.0,5808.0,5162.0,4511.0,0
100000.0,1,1,1,29,0,1,-1,26740.0,25058.0,25923.0,1958.0,1835.0,1898.0,1
60000.0,1,1,1,54,1,3,-1,14496.0,13594.0,12859.0,3023.0,2835.0,2682.0,0
45000.0,2,3,1,38,2,-1,-1,38026.0,30441.0,28637.0,2886.0,2310.0,2173.0,1
100000.0,2,1,1,61,-1,1,-1,46686.0,43093.0,40807.0,13047.0,12042.0,11404.0,0
35000.0,1,1,2,60,1,1,0,22470.0,20100.0,17913.0,5761.0,5153.0,4592.0,1
35000.0,2,3,2,33,1,-1,3,28134.0,23904.0,19933.0,1065.0,905.0,755.0,1
105000.0,2,3,1,64,0,0,2,124512.0,108599.0,109705.0,34263.0,29884.0,30188.0,0
15000.0,1,2,2,64,-1,0,0,15633.0,16201.0,13835.0,3023.0,3133.0,2675.0,0
95000.0,1,1,1,40,0,2,2,33465.0,31265.0,25420.0,3694.0,3451.0,2806.0,1
75000.0,2,2,1,59,3,1,1,62465.0,55389.0,46260.0,12691.0,11253.0,9399.0,1
130000.0,1,1,2,35,1,-1,0,133475.0,115531.0,114736.0,28214.0,24421.0,24253.0,1
105000.0,2,3,1,42,0,2,0,98258.0,86594.0,89430.0,27299.0,24059.0,24847.0,1
245000.0,1,1,1,68,1,0,2,66352.0,62140.0,61707.0,9975.0,9342.0,9276.0,0
65000.0,1,1,2,67,-1,2,-1,50628.0,42285.0,34480.0,1962.0,1639.0,1337.0,0
50000.0,1,2,2,56,-1,1,1,16470.0,14966.0,15606.0,790.0,718.0,748.0,0
255000.0,2,3,2,45,1,0,-1,74054.0,77570.0,75704.0,14666.0,15362.0,14993.0,0
130000.0,2,2,2,55,1,-1,-1,145679.0,118035.0,105389.0,11467.0,9291.0,8296.0,0
65000.0,2,1,1,21,0,1,-1,65847.0,57134.0,53798.0,8276.0,7181.0,6762.0,1
100000.0,2,2,2,43,-1,0,0,118447.0,108102.0,93065.0,26040.0,23766.0,20460.0,0
165000.0,2,1,2,48,3,-1,0,193417.0,167189.0,149715.0,9211.0,7962.0,7130.0,1
115000.0,2,2,3,53,1,2,0,69015.0,59697.0,50615.0,11393.0,9854.0,8355.0,0
80000.0,2,2,1,21,1,-1,1,62456.0,63929.0,63399.0,15209.0,15567.0,15438.0,1
505000.0,2,1,1,67,0,3,0,162970.0,149721.0,148027.0,31164.0,28631.0,28307.0,0
130000.0,2,2,2,66,3,1,2,66536.0,66752.0,69848.0,10819.0,10854.0,11358.0,1
155000.0,2,4,2,29,0,-1,1,83203.0,85448.0,73547.0,9047.0,9291.0,7997.0,0
90000.0,1,3,2,49,-1,2,3,58603.0,47297.0,39845.0,13709.0,11064.0,9321.0,0
150000.0,2,3,2,30,0,0,0,89890.0,73111.0,61460.0,13285.0,10806.0,9084.0,0
125000.0,2,1,1,62,1,2,1,64275.0,66259.0,62596.0,6552.0,6755.0,6381.0,1
40000.0,2,1,2,59,0,0,0,18026.0,17225.0,16440.0,1984.0,1895.0,1809.0,0
105000.0,1,2,1,56,2,2,1,29886.0,24240.0,24138.0,6224.0,5048.0,5027.0,1
45000.0,2,2,1,69,-1,2,-1,25964.0,27049.0,28008.0,6237.0,6498.0,6728.0,0
75000.0,2,1,1,26,0,0,0,72128.0,63680.0,57142.0,10913.0,9635.0,8646.0,0
85000.0,2,2,2,57,-1,-1,2,52476.0,55093.0,44653.0,2198.0,2308.0,1871.0,0
20000.0,2,2,3,63,2,-1,2,21553.0,22520.0,21080.0,5440.0,5684.0,5320.0,1
75000.0,1,4,2,32,0,0,0,56205.0,49083.0,48447.0,7145.0,6240.0,6159.0,0
85000.0,1,2,2,50,0,2,1,95823.0,81756.0,76893.0,21638.0,18461.0,17363.0,1
110000.0,1,1,1,33,-1,-1,1,109071.0,90815.0,84511.0,4828.0,4020.0,3741.0,0
185000.0,1,2,3,52,-1,0,0,89166.0,88804.0,79297.0,16698.0,16630.0,14850.0,1
165000.0,1,3,1,51,-1,0,0,161197.0,147397.0,147181.0,35923.0,32847.0,32799.0,0
95000.0,1,1,2,27,2,-1,1,113026.0,117738.0,105561.0,31517.0,32831.0,29435.0,1
80000.0,1,3,1,64,1,2,3,27929.0,24753.0,20211.0,1179.0,1045.0,853.0,1
200000.0,2,1,1,30,1,0,-1,158826.0,134962.0,110475.0,29866.0,25379.0,20774.0,1
220000.0,1,1,2,48,-1,1,0,237185.0,206554.0,182140.0,52160.0,45423.0,40055.0,0
80000.0,2,1,1,50,2,0,2,27123.0,23923.0,22178.0,3337.0,2943.0,2729.0,1
130000.0,1,1,2,38,-1,1,0,56208.0,53063.0,55219.0,10371.0,9791.0,10188.0,0
130000.0,1,2,1,51,3,0,1,96339.0,88454.0,91356.0,6483.0,5953.0,6148.0,1
95000.0,2,2,1,67,-1,-1,0,51122.0,53477.0,44306.0,10661.0,11153.0,9240.0,0
50000.0,2,4,1,56,2,1,0,12294.0,10559.0,9037.0,3183.0,2734.0,2340.0,1
185000.0,1,2,1,67,1,-1,0,33656.0,29336.0,29731.0,6964.0,6070.0,6152.0,0
65000.0,2,4,1,68,-1,1,-1,42022.0,43814.0,42528.0,3887.0,4053.0,3934.0,0
95000.0,2,2,2,39,1,2,1,62657.0,53356.0,52170.0,16282.0,13865.0,13557.0,0
70000.0,2,2,1,39,0,1,0,75867.0,76227.0,62438.0,15399.0,15472.0,12674.0,0
60000.0,2,2,2,39,0,3,1,46690.0,38018.0,39504.0,12574.0,10238.0,10638.0,0
160000.0,1,1,2,39,2,2,1,82755.0,81224.0,69899.0,23993.0,23550.0,20266.0,0
80000.0,2,2,1,66,1,-1,3,81652.0,65891.0,52810.0,12459.0,10054.0,8058.0,1
150000.0,1,1,2,49,0,1,0,141935.0,131022.0,132089.0,19904.0,18374.0,18524.0,0
60000.0,1,1,2,39,-1,-1,-1,69245.0,69246.0,64246.0,14475.0,14475.0,13430.0,0
170000.0,1,1,1,40,0,1,0,64725.0,57160.0,48419.0,13786.0,12174.0,10313.0,0
100000.0,2,1,1,41,3,-1,0,116360.0,114495.0,109392.0,17733.0,17449.0,16671.0,1
15000.0,2,1,2,51,1,-1,2,11638.0,11073.0,9580.0,2327.0,2214.0,1916.0,0
200000.0,2,3,2,25,-1,0,3,197334.0,204108.0,208679.0,17671.0,18277.0,18687.0,0
175000.0,2,1,1,30,3,-1,0,139457.0,144154.0,132565.0,28359.0,29314.0,26957.0,1
60000.0,1,2,2,54,2,3,0,60498.0,51766.0,53849.0,7060.0,6041.0,6284.0,1
75000.0,2,4,1,54,1,1,1,78799.0,73042.0,63479.0,7951.0,7370.0,6405.0,1
345000.0,1,2,2,58,2,3,0,378605.0,321899.0,279640.0,76205.0,64791.0,56285.0,1
35000.0,1,1,3,38,0,-1,0,14069.0,11976.0,12435.0,3762.0,3202.0,3325.0,1
80000.0,2,1,2,53,1,1,1,18003.0,17834.0,15298.0,1892.0,1874.0,1607.0,0
80000.0,1,1,2,55,2,-1,0,23741.0,21711.0,19809.0,6438.0,5887.0,5372.0,0
30000.0,2,2,2,50,-1,2,0,12311.0,11583.0,10196.0,1945.0,1830.0,1611.0,1
60000.0,2,4,1,54,-1,3,0,54001.0,52822.0,42931.0,5576.0,5455.0,4433.0,0
105000.0,2,1,1,61,0,1,1,74966.0,61354.0,54577.0,5228.0,4278.0,3806.0,1
205000.0,2,1,2,36,1,-1,0,59551.0,59569.0,54928.0,6679.0,6681.0,6160.0,0
125000.0,1,2,2,37,-1,2,1,96037.0,97393.0,93455.0,21332.0,21633.0,20759.0,0
200000.0,2,2,3,56,1,-1,3,73967.0,72201.0,69273.0,4484.0,4377.0,4200.0,0
75000.0,2,2,2,54,3,-1,-1,48107.0,42598.0,36924.0,9178.0,8127.0,7044.0,1
140000.0,2,3,1,61,-1,1,-1,59384.0,48329.0,44629.0,8909.0,7250.0,6695.0,0
25000.0,2,2,1,31,0,1,2,3458.0,3351.0,3394.0,730.0,708.0,717.0,1
80000.0,2,1,2,34,2,1,0,67497.0,55260.0,47361.0,18472.0,15123.0,12961.0,1
65000.0,2,2,1,32,-1,0,-1,14047.0,11952.0,10367.0,2658.0,2261.0,1961.0,0
25000.0,1,1,2,62,1,3,0,4823.0,4227.0,3948.0,421.0,369.0,344.0,1
70000.0,1,2,1,49,0,0,2,19566.0,19422.0,16125.0,3094.0,3071.0,2550.0,1
15000.0,1,2,2,57,0,1,-1,12519.0,12348.0,9887.0,2331.0,2299.0,1841.0,0
220000.0,2,3,2,39,1,3,2,82786.0,68028.0,67749.0,17919.0,14725.0,14665.0,1
105000.0,2,2,2,30,1,3,1,80242.0,78533.0,63843.0,18426.0,18033.0,14660.0,1
205000.0,1,4,1,36,3,0,1,183189.0,167729.0,165320.0,22389.0,20500.0,20205.0,1
270000.0,1,4,1,36,1,1,-1,57419.0,49346.0,46557.0,7708.0,6624.0,6250.0,1
105000.0,2,2,3,38,0,-1,-1,24745.0,24971.0,23933.0,3305.0,3335.0,3196.0,0
85000.0,1,1,2,27,3,0,0,65421.0,64739.0,55895.0,13292.0,13154.0,11357.0,1
65000.0,2,2,2,28,-1,-1,0,49276.0,47125.0,41931.0,9261.0,8857.0,7881.0,0
180000.0,1,2,2,65,0,-1,-1,182725.0,155788.0,146994.0,45176.0,38517.0,36342.0,0
140000.0,1,1,1,53,1,2,0,53239.0,47733.0,39817.0,5867.0,5260.0,4388.0,1
20000.0,2,2,2,50,-1,-1,-1,4500.0,3732.0,3311.0,389.0,323.0,287.0,0
35000.0,2,2,2,51,-1,-1,1,9069.0,8808.0,7758.0,1485.0,1442.0,1270.0,0
85000.0,2,2,2,23,-1,-1,1,82123.0,80021.0,66853.0,20645.0,20117.0,16807.0,1
590000.0,2,2,2,28,-1,0,-1,301571.0,309932.0,275342.0,74655.0,76725.0,68162.0,0
155000.0,2,1,2,42,1,0,-1,135871.0,124103.0,103909.0,11705.0,10691.0,8952.0,0
105000.0,1,1,1,35,1,1,0,93055.0,97419.0,93745.0,5588.0,5850.0,5629.0,1
50000.0,2,3,2,50,0,1,1,22350.0,18654.0,16859.0,1670.0,1394.0,1260.0,1
165000.0,2,2,1,66,1,-1,2,186548.0,179623.0,150245.0,49833.0,47983.0,40135.0,0
50000.0,1,1,2,41,-1,-1,2,19261.0,15608.0,16214.0,3530.0,2861.0,2972.0,0
140000.0,2,2,2,38,1,-1,1,114529.0,104046.0,100643.0,13100.0,11901.0,11512.0,1
50000.0,1,3,2,28,0,3,0,30380.0,27048.0,28400.0,8932.0,7952.0,8350.0,1
115000.0,2,1,1,27,-1,2,0,27205.0,28335.0,27023.0,2102.0,2189.0,2088.0,0
250000.0,1,1,1,62,3,1,0,218048.0,227767.0,202560.0,20768.0,21693.0,19293.0,1
220000.0,2,2,2,24,1,2,2,125885.0,120712.0,103352.0,25464.0,24417.0,20906.0,1
175000.0,1,2,1,50,1,1,1,77833.0,78776.0,80023.0,21911.0,22177.0,22528.0,1
460000.0,1,1,2,32,1,2,1,371806.0,323807.0,311246.0,65694.0,57214.0,54994.0,1
75000.0,1,3,2,56,1,0,0,66478.0,65834.0,60562.0,8688.0,8604.0,7915.0,0
110000.0,1,1,2,28,-1,1,0,36477.0,29208.0,24603.0,3404.0,2726.0,2296.0,0
55000.0,1,1,2,28,-1,-1,-1,64514.0,58119.0,49444.0,8262.0,7443.0,6332.0,0
50000.0,1,2,2,53,1,-1,1,50615.0,41057.0,37942.0,3457.0,2804.0,2591.0,1
155000.0,2,3,3,28,2,3,0,45446.0,38158.0,32843.0,7583.0,6367.0,5480.0,0
135000.0,2,3,1,30,0,-1,-1,43348.0,36710.0,34234.0,4279.0,3624.0,3380.0,0
50000.0,2,1,1,68,0,3,2,41407.0,37573.0,37343.0,9653.0,8759.0,8706.0,0
80000.0,1,2,2,52,0,0,0,74471.0,64972.0,57018.0,7533.0,6572.0,5768.0,1
25000.0,1,3,2,64,3,-1,0,22245.0,22044.0,19739.0,5482.0,5433.0,4865.0,1
45000.0,1,2,2,50,1,-1,3,37703.0,38734.0,35884.0,9346.0,9602.0,8895.0,1
145000.0,2,2,2,38,2,0,-1,150007.0,151065.0,136046.0,33157.0,33391.0,30071.0,0
40000.0,2,1,2,51,0,2,0,40259.0,39416.0,36135.0,8595.0,8415.0,7714.0,1
165000.0,1,1,2,25,1,-1,0,82227.0,75019.0,73318.0,5306.0,4841.0,4731.0,0
140000.0,2,2,2,26,0,2,0,28915.0,25965.0,25126.0,5608.0,5036.0,4873.0,0
105000.0,1,1,1,59,0,-1,0,74361.0,71063.0,71465.0,9768.0,9334.0,9387.0,0
60000.0,2,2,1,58,0,0,3,34826.0,33241.0,32592.0,10075.0,9617.0,9429.0,1
85000.0,1,1,2,55,0,2,-1,49558.0,49559.0,44443.0,14234.0,14234.0,12765.0,0
345000.0,1,4,2,43,0,2,1,342476.0,287650.0,249351.0,21487.0,18047.0,15644.0,1
40000.0,2,1,2,27,-1,0,0,37467.0,34293.0,28286.0,4422.0,4048.0,3339.0,1
40000.0,1,2,1,40,1,1,2,26545.0,26144.0,25049.0,4476.0,4408.0,4223.0,1
665000.0,1,2,2,28,2,-1,0,165601.0,148348.0,132279.0,13482.0,12077.0,10769.0,0
85000.0,2,2,2,23,0,-1,0,19882.0,17938.0,14424.0,5276.0,4760.0,3827.0,0
95000.0,1,2,2,40,0,0,0,37355.0,33928.0,34722.0,10317.0,9370.0,9589.0,0
155000.0,1,2,2,43,0,2,-1,55289.0,57029.0,56014.0,16242.0,16753.0,16455.0,0
135000.0,2,1,2,32,0,-1,2,91450.0,82062.0,77723.0,5970.0,5357.0,5074.0,1
220000.0,2,3,1,50,0,2,0,123400.0,123748.0,120541.0,4693.0,4706.0,4584.0,0
50000.0,2,1,2,24,1,3,0,36836.0,34030.0,29300.0,6673.0,6165.0,5308.0,1
235000.0,2,1,1,41,-1,3,2,108036.0,99457.0,81230.0,4557.0,4196.0,3427.0,0
45000.0,2,1,2,26,0,1,-1,40127.0,32870.0,26547.0,9949.0,8150.0,6582.0,1
65000.0,1,2,2,41,0,-1,-1,26030.0,22645.0,19513.0,2727.0,2372.0,2044.0,0
60000.0,2,2,1,62,1,0,2,41846.0,34409.0,31269.0,4005.0,3293.0,2992.0,1
165000.0,1,1,1,28,0,2,1,134992.0,136829.0,135027.0,21656.0,21950.0,21661.0,1
210000.0,2,2,1,26,-1,-1,1,147084.0,119564.0,114864.0,32391.0,26331.0,25296.0,0
45000.0,2,2,1,40,-1,1,0,30126.0,28387.0,25123.0,1172.0,1104.0,977.0,0
135000.0,2,3,1,52,0,3,1,127661.0,121976.0,115147.0,23302.0,22264.0,21018.0,1
335000.0,2,1,2,49,2,1,0,77295.0,63067.0,61506.0,14589.0,11904.0,11609.0,1
565000.0,1,1,2,25,-1,-1,3,115350.0,119440.0,96105.0,9401.0,9734.0,7832.0,0
110000.0,2,2,1,46,0,-1,1,46359.0,46483.0,38039.0,5963.0,5978.0,4892.0,0
345000.0,2,2,2,36,-1,-1,-1,237769.0,232427.0,195967.0,43025.0,42058.0,35461.0,0
95000.0,2,1,2,39,2,0,3,13431.0,11032.0,9884.0,2801.0,2301.0,2062.0,0
70000.0,1,1,2,44,2,-1,2,80765.0,77836.0,81536.0,11971.0,11537.0,12085.0,1
40000.0,2,1,2,52,-1,0,-1,23025.0,23449.0,21977.0,1126.0,1147.0,1075.0,0
40000.0,2,2,1,58,-1,2,-1,20411.0,16802.0,15289.0,5268.0,4336.0,3946.0,0
300000.0,1,2,1,56,1,1,2,262391.0,239619.0,238172.0,10685.0,9758.0,9699.0,1
115000.0,1,3,2,46,1,1,1,56037.0,45648.0,45688.0,15417.0,12559.0,12570.0,1
70000.0,1,1,1,54,0,3,-1,43885.0,36634.0,34347.0,12585.0,10506.0,9850.0,1
40000.0,2,3,2,56,1,3,3,24451.0,19570.0,19966.0,5788.0,4633.0,4727.0,1
135000.0,1,2,2,32,1,1,1,106758.0,110061.0,114350.0,23263.0,23983.0,24917.0,0
60000.0,1,2,2,56,2,2,-1,54133.0,49208.0,43465.0,6549.0,5953.0,5258.0,1
365000.0,2,2,1,48,1,0,-1,156716.0,131011.0,127811.0,39489.0,33012.0,32206.0,1
35000.0,2,2,1,65,1,2,0,15822.0,13428.0,11972.0,3843.0,3261.0,2908.0,1
50000.0,2,2,2,29,3,1,0,7233.0,7197.0,6216.0,908.0,903.0,780.0,1
40000.0,1,4,2,59,-1,1,1,20131.0,16911.0,17726.0,2188.0,1838.0,1927.0,1
160000.0,2,2,3,33,0,-1,0,99412.0,99238.0,93887.0,17377.0,17347.0,16411.0,0
85000.0,2,3,2,47,-1,-1,1,35809.0,32156.0,29047.0,3446.0,3094.0,2795.0,0
130000.0,2,2,2,28,2,1,2,40921.0,39196.0,33186.0,11148.0,10678.0,9041.0,0
60000.0,2,4,2,50,0,1,-1,26725.0,22450.0,21309.0,4886.0,4104.0,3896.0,0
100000.0,1,1,1,22,-1,0,0,63558.0,52066.0,42601.0,10013.0,8203.0,6712.0,0
165000.0,1,2,2,67,0,2,1,56381.0,48748.0,40346.0,9370.0,8101.0,6705.0,0
55000.0,1,2,2,60,0,-1,-1,9818.0,10123.0,8977.0,503.0,519.0,460.0,0
45000.0,2,2,2,37,2,1,0,18287.0,15957.0,13702.0,4761.0,4154.0,3567.0,1
60000.0,1,2,3,22,2,-1,1,69322.0,62602.0,56465.0,3529.0,3187.0,2875.0,1
145000.0,2,2,2,52,1,3,1,82332.0,79217.0,83118.0,8721.0,8391.0,8804.0,1
110000.0,1,2,1,37,3,0,0,47878.0,50120.0,40681.0,9550.0,9997.0,8114.0,1
80000.0,1,4,1,32,1,1,1,46924.0,43618.0,41259.0,4519.0,4201.0,3974.0,1
40000.0,2,1,2,61,0,0,1,13150.0,11094.0,10038.0,2865.0,2417.0,2187.0,0
45000.0,2,2,2,51,0,0,-1,52235.0,46985.0,46418.0,9607.0,8642.0,8537.0,0
165000.0,1,2,1,50,1,0,-1,140580.0,132062.0,124209.0,14168.0,13309.0,12518.0,0
400000.0,1,2,2,36,0,1,1,157809.0,150852.0,129963.0,12513.0,11962.0,10305.0,0
50000.0,2,2,2,23,0,-1,3,54982.0,48910.0,46402.0,11894.0,10581.0,10038.0,0
175000.0,2,2,2,65,-1,0,0,200031.0,170659.0,165296.0,57799.0,49312.0,47762.0,0
40000.0,1,3,1,61,0,2,1,10296.0,9573.0,9507.0,1494.0,1389.0,1380.0,0
20000.0,2,1,1,24,0,-1,0,5160.0,4827.0,4536.0,299.0,280.0,263.0,0
770000.0,2,4,2,22,1,1,0,898776.0,735917.0,770962.0,180578.0,147857.0,154898.0,0
110000.0,1,1,1,31,3,-1,2,93366.0,92182.0,91759.0,14470.0,14287.0,14221.0,1
65000.0,1,3,2,27,2,0,0,32669.0,31680.0,26497.0,7879.0,7640.0,6390.0,1
185000.0,2,1,1,69,-1,-1,1,57922.0,58538.0,54149.0,3338.0,3374.0,3121.0,0
15000.0,1,2,1,44,3,-1,2,15337.0,13236.0,12488.0,1333.0,1150.0,1085.0,1
225000.0,2,1,2,45,-1,3,2,236581.0,239006.0,197755.0,42682.0,43119.0,35677.0,1
35000.0,1,2,2,39,1,-1,0,20085.0,19480.0,19795.0,2122.0,2058.0,2091.0,1
105000.0,1,2,2,32,2,-1,3,33685.0,28093.0,24043.0,6324.0,5274.0,4514.0,1
60000.0,1,2,3,39,-1,2,0,57064.0,50710.0,43646.0,6534.0,5807.0,4998.0,0
170000.0,1,1,1,46,0,-1,0,75910.0,73455.0,75767.0,3308.0,3201.0,3302.0,0
415000.0,2,2,3,29,0,1,1,462698.0,417324.0,371525.0,69525.0,62707.0,55826.0,0
30000.0,1,1,2,56,-1,0,0,29325.0,30235.0,31704.0,2666.0,2749.0,2883.0,0
95000.0,2,2,1,43,1,0,1,17986.0,17047.0,15509.0,1136.0,1077.0,980.0,1
60000.0,2,1,2,25,1,-1,1,42462.0,39462.0,33136.0,4668.0,4338.0,3643.0,1
125000.0,2,1,2,38,0,0,-1,120325.0,124624.0,126145.0,31405.0,32527.0,32924.0,1
60000.0,1,2,2,42,-1,0,1,53458.0,50932.0,47841.0,11688.0,11136.0,10460.0,0
45000.0,2,2,2,47,3,-1,0,20470.0,20542.0,18393.0,3908.0,3921.0,3511.0,1
25000.0,2,3,1,61,0,1,2,12225.0,10070.0,8779.0,1550.0,1277.0,1113.0,1
100000.0,2,3,2,23,1,0,0,98395.0,86125.0,84818.0,16718.0,14633.0,14411.0,1
95000.0,1,2,1,22,0,1,-1,98404.0,96225.0,99036.0,9785.0,9568.0,9848.0,0
80000.0,1,3,1,63,1,1,1,90652.0,76689.0,64986.0,26134.0,22108.0,18735.0,1
35000.0,2,2,2,21,-1,-1,0,15216.0,15575.0,14109.0,2363.0,2418.0,2191.0,0
50000.0,1,2,1,41,0,1,2,56263.0,54913.0,44339.0,5274.0,5147.0,4156.0,0
45000.0,2,2,2,62,-1,1,-1,48135.0,49982.0,48710.0,4281.0,4445.0,4332.0,0
90000.0,1,1,2,28,0,0,-1,87789.0,85026.0,79181.0,25584.0,24779.0,23076.0,0
85000.0,2,3,2,33,-1,-1,1,36840.0,33156.0,30485.0,1499.0,1349.0,1240.0,1
110000.0,1,2,2,35,-1,-1,0,95617.0,77299.0,78106.0,20139.0,16281.0,16451.0,0
45000.0,1,1,2,43,1,2,1,49878.0,50670.0,47574.0,14015.0,14238.0,13368.0,1
